timestamp,vehicle_id,latitude,longitude,speed_kmh,acceleration_x,acceleration_y,acceleration_z,gyroscope_x,gyroscope_y,gyroscope_z,engine_rpm,engine_temp_c,fuel_level_percent,brake_pressure_psi,throttle_position_percent,gear_position,mileage_km
2024-01-01 20:00:00,VEH_000,40.416642,-74.437376,39.1,-0.683,0.21,0.218,-40.77,-7.642,-22.332,2054.0,101.6,97.6,0.0,40.7,2,16556
2024-01-08 06:00:00,VEH_000,40.456495,-74.434298,65.27,-0.174,0.411,0.061,8.251,-35.191,-37.255,2803.0,110.4,89.9,0.0,45.1,4,16845
2024-01-15 10:00:00,VEH_000,40.462714,-74.273844,63.58,-0.427,0.364,0.167,36.461,47.621,31.077,2849.0,102.6,79.7,37.5,61.5,4,16998
2024-01-22 20:00:00,VEH_000,40.472243,-74.42459,70.62,-0.265,0.34,0.235,-27.757,31.659,-3.97,3018.0,95.2,66.0,0.0,49.6,4,17576
2024-01-29 10:00:00,VEH_000,40.553891,-74.286197,43.98,-0.305,-0.443,-0.431,43.924,-38.466,47.04,2429.0,96.4,52.1,0.0,43.5,3,17632
2024-02-05 08:00:00,VEH_000,40.505902,-74.263752,36.94,-0.463,0.573,-0.064,-49.831,42.558,3.845,2302.0,91.0,44.0,0.0,21.7,2,18171
2024-02-12 17:00:00,VEH_000,40.577837,-74.313054,41.4,1.347,0.842,0.123,-9.76,-20.434,-37.271,2307.0,91.6,32.0,0.0,37.8,3,18158
2024-02-19 12:00:00,VEH_000,40.52277,-74.384633,57.77,0.207,-0.188,0.334,-5.784,-28.63,-2.681,2655.0,95.0,18.9,0.0,44.6,3,18838
2024-01-01 20:00:00,VEH_001,40.155531,-74.359113,58.58,0.492,0.239,-0.407,11.127,26.849,-4.458,2938.0,95.6,98.1,7.4,39.7,3,32790
2024-01-08 20:00:00,VEH_001,40.089518,-74.467418,62.75,-0.768,0.312,-0.494,1.796,-44.978,-25.08,2983.0,106.7,84.1,0.0,45.8,4,33246
2024-01-15 19:00:00,VEH_001,39.987837,-74.479637,50.91,0.177,-0.365,0.255,39.721,24.366,-2.533,2504.0,106.4,79.9,0.0,50.6,3,33446
2024-01-22 10:00:00,VEH_001,40.11392,-74.338332,42.75,-0.046,-0.522,-0.06,19.395,20.642,-43.577,2368.0,94.0,62.4,4.0,28.6,3,33678
2024-01-29 12:00:00,VEH_001,40.029741,-74.41312,31.2,-0.332,0.54,0.446,25.348,35.345,45.343,1744.0,105.7,52.8,0.0,34.9,2,33798
2024-02-05 12:00:00,VEH_001,40.071209,-74.359378,72.9,-0.035,-0.454,-0.014,3.412,40.693,9.189,3142.0,105.7,43.0,42.0,69.1,4,34880
2024-02-12 16:00:00,VEH_001,39.968985,-74.377755,33.16,-1.349,-0.242,-0.288,-2.969,24.902,-44.791,1925.0,103.5,26.8,41.6,22.7,2,33636
2024-02-19 11:00:00,VEH_001,40.008409,-74.492581,70.48,-1.407,-0.505,0.339,19.946,26.69,-33.221,3163.0,96.8,15.7,0.0,67.7,4,35156
2024-01-01 15:00:00,VEH_002,41.215237,-73.740309,42.14,-0.567,0.157,0.429,-25.715,19.719,-19.842,2295.0,107.4,98.8,9.9,37.0,3,142475
2024-01-08 16:00:00,VEH_002,41.142572,-73.859769,54.45,-0.458,-0.143,-0.129,39.158,-4.026,-34.701,2636.0,97.3,91.5,5.3,54.6,3,142900
2024-01-15 08:00:00,VEH_002,41.169249,-73.690885,28.38,0.115,-0.033,-0.064,25.048,6.985,16.819,1944.0,93.2,79.5,4.3,31.3,2,142923
2024-01-22 11:00:00,VEH_002,41.02823,-73.713789,22.69,0.893,-0.319,0.38,5.518,-25.968,-2.391,1761.0,92.8,59.1,4.3,23.3,2,143525
2024-01-29 17:00:00,VEH_002,41.120654,-73.725393,19.77,0.575,-0.388,0.082,-19.338,-26.946,22.128,1582.0,97.6,51.3,16.5,20.5,1,143427
2024-02-05 11:00:00,VEH_002,41.046401,-73.776807,41.79,-0.851,-0.032,0.225,-13.912,-19.773,20.802,2444.0,99.7,37.8,0.0,28.7,3,143555
2024-02-12 08:00:00,VEH_002,41.077352,-73.689121,38.12,-1.121,0.737,-0.009,-24.752,36.172,-38.591,2293.0,100.3,27.7,0.0,25.5,2,143231
2024-02-19 07:00:00,VEH_002,41.102631,-73.869164,36.51,-1.052,0.126,-0.196,27.569,-11.962,40.85,2293.0,91.0,18.6,0.0,36.2,2,143980
2024-01-01 10:00:00,VEH_003,41.690894,-74.395495,52.22,0.363,0.219,0.24,5.199,-34.347,-9.148,2745.0,94.4,97.1,0.0,36.7,3,67787
2024-01-08 17:00:00,VEH_003,41.637623,-74.535249,49.26,0.621,0.406,-0.046,-7.486,4.456,14.763,2553.0,108.4,90.9,0.0,44.3,3,67988
2024-01-15 20:00:00,VEH_003,41.571987,-74.565054,42.39,0.878,0.19,0.324,0.047,-0.62,-41.956,2440.0,98.0,75.7,0.0,33.4,3,68265
2024-01-22 06:00:00,VEH_003,41.696746,-74.446594,64.15,-1.422,-0.542,0.174,25.627,-2.95,15.151,3069.0,103.2,59.2,41.1,55.0,4,69257
2024-01-29 20:00:00,VEH_003,41.574492,-74.394112,57.44,0.943,0.938,-0.03,-21.178,44.519,31.357,2686.0,97.2,48.0,0.0,46.1,3,69199
2024-02-05 14:00:00,VEH_003,41.5262,-74.575889,50.1,-1.152,0.545,0.365,-13.822,25.644,12.541,2633.0,90.0,43.7,0.0,32.8,3,69612
2024-02-12 18:00:00,VEH_003,41.529183,-74.54009,45.24,-0.636,0.762,-0.015,-40.679,49.226,41.293,2169.0,102.1,31.0,15.5,28.0,3,69635
2024-02-19 13:00:00,VEH_003,41.708273,-74.463959,46.16,1.298,-0.416,0.205,42.187,0.824,37.933,2351.0,99.3,15.7,0.0,31.4,3,69166
2024-01-01 19:00:00,VEH_004,40.224921,-73.488252,74.18,-0.48,0.575,-0.233,-5.345,-1.566,-16.756,3026.0,106.9,103.4,0.0,65.0,4,120785
2024-01-08 18:00:00,VEH_004,40.319645,-73.551718,52.87,-0.934,0.395,0.072,48.841,29.239,15.202,2480.0,105.8,83.4,35.3,50.3,3,121082
2024-01-15 08:00:00,VEH_004,40.310025,-73.635383,60.09,0.271,0.739,0.374,-42.517,28.153,-23.498,2779.0,101.5,75.6,20.5,53.2,4,121143
2024-01-22 15:00:00,VEH_004,40.3495,-73.51282,74.07,1.057,0.719,-0.12,18.44,-21.262,-27.251,3149.0,106.8,66.6,1.8,53.1,4,122054
2024-01-29 07:00:00,VEH_004,40.297753,-73.623098,65.35,1.118,-0.113,0.194,-25.58,-8.795,18.18,3122.0,92.5,55.0,0.0,52.0,4,121481
2024-02-05 08:00:00,VEH_004,40.244956,-73.626993,74.83,0.359,-0.518,0.413,40.121,17.761,-34.202,3102.0,101.7,37.5,0.0,52.5,4,122475
2024-02-12 13:00:00,VEH_004,40.400006,-73.445257,51.97,1.386,0.381,-0.043,7.481,49.269,-20.477,2480.0,110.2,31.5,0.0,40.9,3,122483
2024-02-19 19:00:00,VEH_004,40.342605,-73.587891,62.64,0.557,0.489,-0.451,30.193,-28.1,-30.987,2922.0,101.2,20.0,0.0,58.2,4,123655
2024-01-01 10:00:00,VEH_005,40.228986,-73.60832,88.17,0.769,1.614,0.146,-8.45,-29.921,28.651,3569.0,102.6,100.8,4.5,69.4,5,36793
2024-01-08 20:00:00,VEH_005,40.287731,-73.646336,107.38,-1.458,1.299,-0.018,25.415,-27.439,17.632,4344.0,110.7,86.4,0.0,98.7,6,36965
2024-01-15 16:00:00,VEH_005,40.289421,-73.559052,91.83,1.744,-1.944,0.037,-39.165,-26.618,-47.498,3737.0,107.6,77.7,0.0,83.0,5,37373
2024-01-22 20:00:00,VEH_005,40.282067,-73.686905,81.89,0.812,-0.143,0.201,-40.281,38.726,-36.434,3516.0,95.5,59.5,0.0,78.2,5,37270
2024-01-29 13:00:00,VEH_005,40.167635,-73.56263,86.72,0.524,0.906,0.385,-5.662,45.056,35.545,3664.0,110.3,53.2,14.0,76.1,5,37637
2024-02-05 07:00:00,VEH_005,40.289619,-73.679039,103.36,-2.637,-0.896,0.468,-44.942,-16.649,48.882,4280.0,111.8,35.9,0.0,88.9,6,37343
2024-02-12 18:00:00,VEH_005,40.206349,-73.738784,86.65,-1.704,1.479,-0.171,29.851,-39.007,36.645,3458.0,111.7,23.0,7.2,64.8,5,38161
2024-02-19 08:00:00,VEH_005,40.096405,-73.594509,51.57,-1.955,-1.79,0.242,-27.845,11.511,22.724,2558.0,105.1,15.8,25.7,35.2,3,39292
2024-01-01 20:00:00,VEH_006,41.145852,-73.522594,54.3,-1.318,-0.042,-0.098,-35.167,-37.381,12.432,2703.0,100.2,104.1,0.0,36.9,3,21390
2024-01-08 15:00:00,VEH_006,41.082127,-73.561847,78.88,-0.139,0.211,-0.401,38.809,-8.619,32.742,3447.0,109.9,89.5,36.0,60.0,4,21721
2024-01-15 12:00:00,VEH_006,41.055654,-73.607867,50.03,-0.377,-0.695,0.423,5.637,8.647,6.159,2328.0,106.6,71.9,0.0,46.5,3,21722
2024-01-22 11:00:00,VEH_006,41.106459,-73.544722,77.57,-0.231,0.832,-0.449,-27.576,-39.178,34.537,3242.0,99.0,60.0,0.0,57.7,4,22428
2024-01-29 11:00:00,VEH_006,40.995433,-73.57117,37.66,0.183,0.535,0.122,-31.958,20.27,-19.102,2200.0,99.9,53.1,0.0,35.3,2,21846
2024-02-05 11:00:00,VEH_006,41.042661,-73.590603,34.68,-1.291,0.482,0.472,22.16,27.684,6.759,1877.0,99.1,38.8,0.0,22.0,2,22685
2024-02-12 07:00:00,VEH_006,41.149124,-73.595768,60.77,-1.255,-0.114,-0.076,-21.675,17.849,-1.337,2866.0,99.4,25.2,0.0,47.5,4,22326
2024-02-19 16:00:00,VEH_006,41.03414,-73.58278,71.99,-0.887,0.891,0.267,-11.979,20.367,0.026,3265.0,98.0,12.2,0.0,58.6,4,22552
2024-01-01 19:00:00,VEH_007,41.692419,-73.910647,50.93,-0.191,-0.08,-0.422,-47.914,-17.523,30.132,2453.0,98.7,99.0,0.0,38.2,3,30656
2024-01-08 15:00:00,VEH_007,41.650828,-73.843558,47.15,-1.182,-0.129,-0.1,1.048,-38.597,0.995,2246.0,107.1,90.5,0.0,44.9,3,30795
2024-01-15 20:00:00,VEH_007,41.714055,-73.91126,70.25,-1.057,-0.794,-0.244,-0.588,25.445,25.988,2977.0,95.1,78.6,0.0,67.6,4,31498
2024-01-22 13:00:00,VEH_007,41.695036,-73.80507,62.3,-0.53,0.942,-0.184,-18.959,-4.809,-44.311,2845.0,100.6,65.3,29.6,49.0,4,31067
2024-01-29 19:00:00,VEH_007,41.616224,-73.852547,64.35,0.282,-0.231,0.08,-2.437,-34.914,-43.813,3112.0,106.2,47.4,28.6,47.4,4,32292
2024-02-05 07:00:00,VEH_007,41.721002,-73.814005,64.44,0.438,-0.922,0.208,-9.123,-16.163,9.789,3130.0,101.9,41.1,0.0,62.1,4,32146
2024-02-12 18:00:00,VEH_007,41.684986,-73.91455,47.0,-0.34,-0.496,0.352,-18.977,15.605,16.214,2596.0,101.8,24.5,0.0,42.4,3,32330
2024-02-19 08:00:00,VEH_007,41.677817,-73.79388,44.87,0.875,0.626,0.17,0.849,-48.177,-19.113,2478.0,104.3,17.9,0.0,40.3,3,32868
2024-01-01 09:00:00,VEH_008,40.059995,-74.218871,26.3,-1.035,-0.408,0.288,11.803,9.725,-34.575,1792.0,98.4,102.4,0.0,25.2,2,60407
2024-01-08 08:00:00,VEH_008,40.157918,-74.217882,43.19,-0.187,-0.178,0.176,46.56,28.437,40.397,2191.0,98.2,85.8,22.4,36.7,3,60665
2024-01-15 09:00:00,VEH_008,40.065217,-74.182676,51.61,-0.655,-0.236,0.027,-1.941,-12.879,43.429,2735.0,106.5,79.0,0.0,38.0,3,61263
2024-01-22 17:00:00,VEH_008,40.160827,-74.201869,28.72,-0.682,0.811,-0.353,-8.51,-10.355,-12.604,1836.0,106.8,61.2,0.0,20.9,2,60746
2024-01-29 12:00:00,VEH_008,40.190554,-74.297119,19.85,1.018,0.3,0.291,-3.089,11.535,40.586,1451.0,92.7,55.3,0.0,9.3,1,62251
2024-02-05 06:00:00,VEH_008,40.042834,-74.205109,38.14,0.083,-0.778,-0.212,9.674,-48.356,1.538,2065.0,89.8,39.2,22.9,24.0,2,62182
2024-02-12 09:00:00,VEH_008,40.135358,-74.313848,17.11,0.212,-0.625,0.168,5.415,-10.955,-2.986,1523.0,93.9,32.5,0.0,20.0,1,62561
2024-02-19 16:00:00,VEH_008,40.069025,-74.297442,42.59,-1.297,-0.518,0.157,31.351,-32.491,27.914,2119.0,100.9,18.6,0.0,32.5,3,62318
2024-01-01 13:00:00,VEH_009,40.856416,-74.050884,30.76,1.296,1.774,-0.463,48.912,4.303,-24.669,1803.0,103.9,103.9,0.0,21.8,2,30916
2024-01-08 18:00:00,VEH_009,40.789632,-74.089368,60.46,0.934,-0.907,0.299,-0.248,42.431,1.928,2788.0,99.0,87.4,17.0,44.1,4,31370
2024-01-15 18:00:00,VEH_009,40.676774,-74.06169,48.36,-1.917,-0.825,-0.397,-45.764,37.004,-14.744,2382.0,95.7,75.5,8.3,39.2,3,31572
2024-01-22 12:00:00,VEH_009,40.715163,-73.950585,64.58,0.825,-0.547,0.301,-37.377,-26.4,14.516,3009.0,110.5,60.4,0.0,59.4,4,31267
2024-01-29 11:00:00,VEH_009,40.736823,-74.033141,54.63,2.693,-0.512,0.263,-47.409,-31.395,1.775,2668.0,101.1,51.0,0.0,40.5,3,31548
2024-02-05 20:00:00,VEH_009,40.772587,-74.094235,36.17,2.978,-0.858,0.416,49.726,31.051,46.756,2081.0,91.1,43.5,0.0,38.1,2,32551
2024-02-12 11:00:00,VEH_009,40.79382,-74.004682,48.64,-1.2,-1.37,0.21,-26.326,-0.598,-13.91,2539.0,93.3,26.6,0.0,50.2,3,31942
2024-02-19 15:00:00,VEH_009,40.734034,-73.985858,51.42,-2.483,-0.763,0.5,-42.583,-3.417,1.736,2630.0,100.7,18.7,3.7,52.3,3,33912
2024-01-01 08:00:00,VEH_010,40.494606,-74.176969,65.59,-0.954,0.933,-0.067,43.474,-27.453,44.748,3132.0,92.7,96.2,0.0,48.0,4,52638
2024-01-08 14:00:00,VEH_010,40.497999,-74.163835,50.02,0.405,0.102,-0.375,-32.88,12.448,40.2,2422.0,100.7,88.0,0.0,50.5,3,52816
2024-01-15 11:00:00,VEH_010,40.48752,-74.220298,73.01,-1.415,-0.909,0.141,38.9,4.558,14.191,3221.0,105.3,78.7,0.0,63.6,4,53346
2024-01-22 10:00:00,VEH_010,40.415603,-74.172084,67.4,-0.608,-0.854,-0.44,-18.068,48.802,-15.463,2998.0,101.4,61.0,0.0,52.4,4,54039
2024-01-29 12:00:00,VEH_010,40.345167,-74.258914,62.47,-0.543,-0.067,-0.233,46.269,40.231,31.348,2773.0,93.2,49.9,0.0,54.4,4,53546
2024-02-05 20:00:00,VEH_010,40.434551,-74.270479,70.52,-0.005,0.029,-0.001,8.334,-45.134,-21.864,3039.0,92.5,44.5,0.0,68.1,4,53688
2024-02-12 15:00:00,VEH_010,40.495482,-74.20217,58.82,0.11,0.694,-0.069,6.182,-13.748,-21.14,2918.0,105.4,30.6,0.0,47.0,3,54984
2024-02-19 12:00:00,VEH_010,40.419865,-74.180141,51.19,1.467,0.361,-0.381,-35.573,10.246,-9.861,2726.0,98.0,18.9,0.0,51.4,3,56040
2024-01-01 06:00:00,VEH_011,40.235866,-74.193138,81.29,-0.129,0.213,0.016,0.731,0.971,-1.015,3370.0,105.4,96.6,37.0,63.7,5,54862
2024-01-08 15:00:00,VEH_011,40.286763,-74.057395,85.36,1.44,0.167,0.297,47.206,7.847,-27.246,3651.0,107.3,83.3,0.0,80.5,5,55362
2024-01-15 06:00:00,VEH_011,40.34351,-74.186443,93.9,1.024,-0.704,0.181,-8.704,-29.611,0.182,3630.0,113.4,72.1,0.0,74.5,5,55216
2024-01-22 15:00:00,VEH_011,40.410909,-74.045981,88.57,-1.086,-0.585,-0.175,4.627,17.587,36.765,3722.0,104.4,62.1,0.0,82.1,5,55687
2024-01-29 16:00:00,VEH_011,40.355467,-74.081882,86.53,-0.76,0.116,-0.275,-2.02,6.049,43.449,3785.0,99.6,49.9,0.0,76.2,5,55910
2024-02-05 17:00:00,VEH_011,40.281497,-74.19617,91.75,1.44,0.637,0.455,24.734,-28.601,32.795,3874.0,100.0,37.9,17.3,75.3,5,56017
2024-02-12 10:00:00,VEH_011,40.41341,-74.081311,76.29,0.26,-0.515,0.17,18.119,-36.253,46.452,3301.0,105.4,23.5,0.0,67.9,4,55768
2024-02-19 20:00:00,VEH_011,40.258393,-74.089966,100.4,0.452,0.512,-0.213,22.312,43.667,41.323,3926.0,96.2,18.7,0.0,78.3,6,58208
2024-01-01 08:00:00,VEH_012,41.627182,-73.627433,129.95,2.017,1.152,-0.314,-39.27,48.299,-21.544,4998.0,115.4,97.9,0.0,100.0,6,95008
2024-01-08 16:00:00,VEH_012,41.652265,-73.696172,149.3,-0.192,-1.229,-0.387,6.778,25.728,-32.451,5344.0,109.1,85.6,0.0,100.0,6,95259
2024-01-15 19:00:00,VEH_012,41.67135,-73.713856,113.19,-0.595,-1.618,0.482,45.403,-19.805,22.288,4387.0,115.0,71.1,0.0,93.3,6,95480
2024-01-22 06:00:00,VEH_012,41.595916,-73.723044,110.34,-0.208,-1.361,0.186,-13.246,-27.915,45.736,4480.0,113.8,66.7,0.0,94.7,6,95761
2024-01-29 13:00:00,VEH_012,41.574242,-73.645407,123.32,0.295,-0.117,0.038,2.817,-13.822,41.724,4765.0,101.7,49.5,43.7,94.4,6,96320
2024-02-05 07:00:00,VEH_012,41.555957,-73.685424,121.72,-2.101,-0.688,0.02,-4.657,1.325,-4.32,4498.0,101.3,40.8,0.0,100.0,6,95648
2024-02-12 06:00:00,VEH_012,41.655364,-73.6604,101.96,-1.473,-1.988,-0.282,48.614,-2.793,-21.291,3888.0,103.7,30.0,0.0,76.2,6,95818
2024-02-19 08:00:00,VEH_012,41.697399,-73.641788,146.44,-0.478,1.971,-0.118,-36.701,36.029,-38.137,5541.0,117.8,14.8,0.0,100.0,6,97640
2024-01-01 14:00:00,VEH_013,41.804884,-74.007351,150.96,1.537,1.914,-0.037,-22.435,43.741,22.502,5616.0,108.6,98.8,0.0,100.0,6,80186
2024-01-08 07:00:00,VEH_013,41.732715,-73.90078,134.64,2.334,-1.037,-0.433,-26.566,-28.273,36.373,5077.0,107.4,89.7,12.2,100.0,6,80510
2024-01-15 06:00:00,VEH_013,41.754299,-73.834123,114.68,0.457,0.31,0.273,-43.904,44.852,37.971,4568.0,101.2,79.8,26.1,93.8,6,80666
2024-01-22 20:00:00,VEH_013,41.761299,-73.89707,113.42,-0.934,0.573,-0.119,-2.648,34.934,-19.926,4412.0,110.3,63.1,0.0,88.2,6,81311
2024-01-29 17:00:00,VEH_013,41.755142,-73.940215,97.33,-0.501,0.12,-0.112,22.458,-30.952,-23.154,3822.0,101.3,47.8,0.0,78.5,5,81682
2024-02-05 16:00:00,VEH_013,41.847266,-74.02491,104.55,0.526,0.686,-0.283,-38.268,49.957,-2.108,4020.0,113.6,38.0,10.6,80.9,6,82581
2024-02-12 09:00:00,VEH_013,41.865397,-73.892066,110.04,-1.07,-0.868,-0.034,-3.051,33.973,41.433,4361.0,102.2,26.6,23.3,97.8,6,83000
2024-02-19 11:00:00,VEH_013,41.788856,-74.023677,143.0,-2.903,0.213,0.084,-0.07,15.461,18.485,5378.0,105.2,13.0,0.0,100.0,6,81761
2024-01-01 10:00:00,VEH_014,40.843936,-73.587728,66.88,-0.118,0.466,-0.148,-46.618,34.67,44.519,2862.0,102.6,96.8,49.5,64.9,4,65738
2024-01-08 16:00:00,VEH_014,40.700967,-73.684175,34.22,-1.296,-0.698,-0.281,-49.339,5.164,-48.815,2009.0,89.6,89.4,45.6,31.7,2,65846
2024-01-15 14:00:00,VEH_014,40.835703,-73.578304,41.32,0.594,-0.139,0.44,31.521,-23.268,-10.31,2111.0,107.5,76.2,0.0,36.8,3,66196
2024-01-22 11:00:00,VEH_014,40.883124,-73.593652,40.34,-0.6,0.656,-0.419,-44.389,-49.055,-32.862,2407.0,102.0,59.3,0.0,31.2,3,66767
2024-01-29 13:00:00,VEH_014,40.86033,-73.556471,47.21,1.422,0.79,0.419,18.443,-21.963,4.303,2308.0,107.7,53.9,0.0,34.8,3,66290
2024-02-05 16:00:00,VEH_014,40.697844,-73.499699,46.14,0.261,0.505,0.213,17.703,4.056,-11.615,2344.0,91.2,36.6,0.0,45.1,3,67233
2024-02-12 17:00:00,VEH_014,40.719254,-73.487756,64.28,1.423,-0.893,-0.063,13.412,28.355,-4.945,3064.0,98.2,30.7,19.8,59.0,4,66428
2024-02-19 09:00:00,VEH_014,40.762426,-73.497223,50.43,0.482,-0.829,0.119,-34.572,-11.038,-13.93,2632.0,104.3,11.8,0.0,46.3,3,68706
2024-01-01 07:00:00,VEH_015,40.394294,-73.976979,94.4,-0.691,-0.735,-0.313,9.692,28.444,36.372,3811.0,105.5,99.1,0.0,75.7,5,47452
2024-01-08 06:00:00,VEH_015,40.451624,-73.961072,83.39,1.203,0.81,0.478,-35.407,-33.279,-22.404,3530.0,96.7,86.8,0.0,65.5,5,47804
2024-01-15 10:00:00,VEH_015,40.490101,-74.023248,90.07,-0.76,0.25,0.094,-5.978,-6.938,32.354,3580.0,96.1,74.0,16.6,77.5,5,47988
2024-01-22 16:00:00,VEH_015,40.5881,-74.011407,92.83,1.342,-0.598,-0.186,28.197,-17.411,-21.97,3971.0,113.7,61.9,0.0,77.2,5,48634
2024-01-29 18:00:00,VEH_015,40.471842,-74.015854,102.55,0.277,0.091,0.182,-43.084,34.779,29.505,4097.0,114.3,51.6,21.9,81.3,6,49268
2024-02-05 16:00:00,VEH_015,40.493116,-73.911965,89.68,0.476,0.43,0.289,-8.17,-46.323,46.843,3520.0,113.8,39.8,0.0,74.9,5,49722
2024-02-12 17:00:00,VEH_015,40.572355,-73.931251,105.53,-1.245,0.538,0.158,-16.84,29.623,-39.406,4108.0,108.5,23.4,33.9,85.9,6,50362
2024-02-19 07:00:00,VEH_015,40.445003,-73.936497,100.75,0.242,0.15,-0.054,-1.723,-20.457,42.055,3979.0,110.5,16.9,0.0,80.9,6,48236
2024-01-01 07:00:00,VEH_016,40.647207,-73.414539,32.6,-0.134,-0.586,-0.017,-38.491,34.918,14.797,1969.0,97.0,102.0,0.0,23.2,2,122311
2024-01-08 16:00:00,VEH_016,40.784003,-73.41669,65.3,0.156,-0.338,-0.074,-47.081,11.411,-30.268,2944.0,107.5,89.3,0.0,57.6,4,122613
2024-01-15 15:00:00,VEH_016,40.709904,-73.601784,36.1,0.611,0.592,0.077,36.264,2.772,13.911,2203.0,99.3,74.7,0.0,22.4,2,123197
2024-01-22 15:00:00,VEH_016,40.701721,-73.524165,31.43,-0.126,-0.655,0.174,-19.462,-31.696,19.344,2063.0,106.5,64.9,0.0,22.5,2,122977
2024-01-29 14:00:00,VEH_016,40.701686,-73.483389,55.68,-0.04,0.075,0.419,11.941,36.552,45.184,2843.0,94.0,48.7,0.0,40.1,3,123631
2024-02-05 13:00:00,VEH_016,40.6513,-73.439631,76.92,-0.015,0.369,-0.084,-46.73,-27.516,-21.133,3444.0,102.5,35.8,0.0,69.3,4,123556
2024-02-12 18:00:00,VEH_016,40.715457,-73.45417,67.03,-1.16,-0.772,0.275,-28.146,-7.485,23.599,3140.0,99.0,31.2,0.0,60.2,4,124585
2024-02-19 16:00:00,VEH_016,40.774262,-73.543132,78.04,-0.454,0.633,-0.061,11.026,-7.183,11.615,3539.0,108.3,13.4,29.4,62.0,4,125552
2024-01-01 18:00:00,VEH_017,41.452888,-73.697508,22.37,-0.448,-0.438,0.039,31.518,-36.441,25.009,1601.0,101.3,97.9,0.0,25.8,2,143569
2024-01-08 12:00:00,VEH_017,41.595318,-73.5404,54.68,-1.119,0.732,-0.25,13.24,12.781,-12.483,2725.0,107.0,90.6,0.0,45.4,3,143964
2024-01-15 07:00:00,VEH_017,41.53829,-73.562872,23.72,0.047,-0.444,0.436,-40.686,47.215,13.484,1659.0,106.4,74.3,0.0,25.3,2,144519
2024-01-22 17:00:00,VEH_017,41.483209,-73.726231,41.38,-0.847,-0.141,-0.288,28.83,39.415,26.225,2149.0,105.7,62.4,0.0,35.8,3,144613
2024-01-29 06:00:00,VEH_017,41.431479,-73.582119,38.38,-1.127,0.715,-0.059,-19.813,37.442,37.66,1952.0,108.0,49.0,0.0,24.6,2,145297
2024-02-05 07:00:00,VEH_017,41.542482,-73.688819,34.87,1.211,-0.669,-0.104,-28.658,-42.206,9.368,1968.0,102.5,37.3,0.0,33.1,2,144069
2024-02-12 14:00:00,VEH_017,41.547561,-73.73704,47.82,0.951,0.976,-0.078,-36.287,27.346,25.316,2288.0,91.2,26.8,5.1,36.1,3,145087
2024-02-19 08:00:00,VEH_017,41.539879,-73.60347,22.74,0.19,0.221,-0.336,-41.331,-39.953,25.245,1623.0,91.5,18.5,30.8,17.8,2,145046
2024-01-01 15:00:00,VEH_018,41.23882,-74.144926,51.23,-0.757,0.289,-0.252,-29.455,10.693,-31.135,2577.0,104.5,97.8,1.3,49.6,3,51938
2024-01-08 12:00:00,VEH_018,41.151926,-74.204319,79.11,-0.015,-0.775,-0.0,-7.914,4.636,-32.723,3411.0,103.5,92.8,46.7,58.6,4,52329
2024-01-15 13:00:00,VEH_018,41.283709,-74.06116,25.12,-0.713,-0.92,-0.44,-9.772,14.054,3.766,1869.0,97.6,77.3,0.0,19.2,2,52856
2024-01-22 08:00:00,VEH_018,41.148312,-74.153252,50.39,0.924,0.073,-0.109,45.343,-26.136,-25.552,2565.0,106.7,65.8,0.0,46.0,3,53357
2024-01-29 20:00:00,VEH_018,41.179715,-74.124559,56.31,0.725,0.481,-0.381,-24.075,-12.813,24.978,2772.0,104.7,48.6,26.2,52.6,3,53814
2024-02-05 19:00:00,VEH_018,41.146571,-74.03795,61.36,0.921,-0.456,-0.436,35.936,-33.312,-34.269,2926.0,102.7,35.8,0.0,48.3,4,53713
2024-02-12 18:00:00,VEH_018,41.113399,-74.100451,61.21,0.026,-0.912,0.363,5.286,41.395,24.067,2734.0,100.6,26.8,0.0,59.6,4,52646
2024-02-19 12:00:00,VEH_018,41.137721,-74.16558,72.04,0.978,0.143,-0.381,-43.107,-3.491,-21.769,3230.0,93.3,13.2,0.0,51.0,4,54073
2024-01-01 19:00:00,VEH_019,41.322707,-74.468171,38.27,-0.393,-0.417,0.285,40.044,26.048,-25.487,2244.0,93.7,98.7,49.9,37.4,2,148704
2024-01-08 06:00:00,VEH_019,41.447047,-74.480666,41.66,0.408,0.387,-0.49,-8.018,46.119,47.256,2184.0,104.3,86.8,15.4,28.8,3,148925
2024-01-15 08:00:00,VEH_019,41.402897,-74.466843,56.85,1.192,0.04,0.201,-42.517,6.782,-6.502,2655.0,110.2,71.8,0.0,40.0,3,149306
2024-01-22 08:00:00,VEH_019,41.307921,-74.43325,32.6,0.902,0.401,0.235,-39.103,-39.434,-5.043,1905.0,93.7,59.7,0.0,32.8,2,149901
2024-01-29 11:00:00,VEH_019,41.34187,-74.378263,58.59,-0.877,-0.383,-0.235,-35.168,21.116,46.84,2606.0,94.0,53.9,34.8,39.6,3,149772
2024-02-05 12:00:00,VEH_019,41.363259,-74.350011,30.41,1.472,-0.938,-0.096,-37.855,-43.833,28.096,1893.0,103.0,37.5,0.0,31.4,2,149559
2024-02-12 09:00:00,VEH_019,41.28671,-74.320713,34.89,0.391,0.289,0.082,30.93,-40.802,34.728,1950.0,104.7,23.2,0.0,37.1,2,150666
2024-02-19 18:00:00,VEH_019,41.326877,-74.476909,38.44,-0.996,0.148,0.322,-22.502,-5.399,-35.137,2111.0,89.4,17.8,0.0,26.3,2,150069
2024-01-01 15:00:00,VEH_020,40.893366,-74.097119,61.25,0.304,-1.756,-0.22,29.485,48.94,28.192,2692.0,95.1,103.8,0.0,53.7,4,99174
2024-01-08 11:00:00,VEH_020,40.865468,-73.989989,65.22,-1.07,-0.918,-0.474,2.943,26.684,49.961,2995.0,92.1,91.1,0.0,60.5,4,99515
2024-01-15 08:00:00,VEH_020,40.789558,-74.014903,64.0,2.504,-1.776,0.496,-32.39,9.252,30.621,2808.0,108.3,79.0,0.0,60.1,4,99550
2024-01-22 17:00:00,VEH_020,40.841288,-74.027964,79.74,0.406,-1.432,0.448,-40.974,-26.738,-28.119,3527.0,109.2,68.7,0.0,60.0,4,99531
2024-01-29 14:00:00,VEH_020,40.865129,-74.079929,81.44,-0.955,-1.29,0.302,36.067,46.056,-12.641,3590.0,94.3,48.5,7.1,60.1,5,100650
2024-02-05 16:00:00,VEH_020,40.84865,-74.12607,58.7,-2.055,1.795,0.292,-27.676,8.895,-32.465,2945.0,103.9,36.7,34.7,57.5,3,100584
2024-02-12 10:00:00,VEH_020,40.91633,-74.087373,51.84,1.212,0.291,0.351,-27.91,6.555,43.669,2663.0,101.5,24.8,0.0,49.4,3,101652
2024-02-19 08:00:00,VEH_020,40.835765,-74.130715,62.7,0.817,1.852,0.322,-43.221,-24.334,-39.197,2949.0,105.9,14.4,0.0,46.4,4,102352
2024-01-01 06:00:00,VEH_021,41.650666,-74.213911,41.69,-0.516,1.527,-0.149,-33.734,-42.629,34.576,2201.0,105.7,102.9,0.0,39.9,3,141225
2024-01-08 10:00:00,VEH_021,41.645053,-74.249329,28.26,2.328,-1.356,-0.425,44.244,-33.5,38.975,2025.0,107.4,86.4,44.7,27.6,2,141545
2024-01-15 08:00:00,VEH_021,41.651748,-74.235336,69.7,0.325,1.702,0.04,-34.641,-13.917,-7.239,3155.0,97.9,72.0,0.0,59.1,4,141927
2024-01-22 10:00:00,VEH_021,41.805816,-74.176537,43.9,-1.758,0.553,0.477,-40.886,4.413,-31.512,2306.0,91.7,66.8,0.0,44.5,3,141930
2024-01-29 20:00:00,VEH_021,41.717326,-74.264238,25.88,-1.42,1.348,0.064,47.071,8.973,5.36,1637.0,101.5,48.0,0.0,27.7,2,142469
2024-02-05 19:00:00,VEH_021,41.718458,-74.197039,72.54,2.618,0.291,-0.264,30.045,17.753,12.027,3096.0,100.2,43.5,0.0,61.9,4,143045
2024-02-12 07:00:00,VEH_021,41.830888,-74.211747,65.7,-1.729,-1.229,-0.457,41.08,41.417,-43.299,2802.0,105.2,25.0,7.4,56.6,4,142803
2024-02-19 12:00:00,VEH_021,41.75231,-74.191144,65.33,2.503,-1.951,0.2,25.838,43.965,42.493,2995.0,107.2,12.1,0.0,55.8,4,144011
2024-01-01 15:00:00,VEH_022,41.134667,-73.664225,114.7,1.14,0.756,-0.236,10.866,19.366,-46.122,4503.0,107.9,99.7,0.0,93.6,6,50065
2024-01-08 20:00:00,VEH_022,41.15455,-73.683271,81.97,-0.074,-0.463,-0.128,-36.561,47.422,-5.689,3394.0,109.1,86.1,42.9,72.0,5,50281
2024-01-15 19:00:00,VEH_022,41.042932,-73.675614,104.2,-1.232,-0.117,0.413,-43.438,20.957,-9.661,4089.0,105.1,76.2,0.0,78.0,6,50427
2024-01-22 18:00:00,VEH_022,41.149017,-73.645507,81.16,-0.922,0.666,0.337,-10.306,42.307,18.117,3335.0,102.2,68.2,13.7,74.1,5,51139
2024-01-29 09:00:00,VEH_022,41.053251,-73.702565,87.1,1.111,0.174,-0.15,-45.035,35.382,27.983,3479.0,111.6,54.5,0.0,68.3,5,51253
2024-02-05 09:00:00,VEH_022,41.15018,-73.691898,107.11,-0.693,-0.181,-0.48,-27.623,10.834,44.3,4325.0,111.1,35.1,32.4,91.3,6,50585
2024-02-12 17:00:00,VEH_022,41.172163,-73.692826,96.95,-0.371,-0.303,-0.248,49.943,46.649,33.938,3895.0,108.2,31.2,0.0,72.8,5,52231
2024-02-19 14:00:00,VEH_022,41.108226,-73.699564,91.94,-1.176,-0.872,0.488,1.729,-25.97,-44.323,3814.0,111.4,13.6,44.6,72.6,5,51297
2024-01-01 19:00:00,VEH_023,40.284208,-74.117012,46.42,0.542,0.443,0.155,49.475,31.601,-15.683,2592.0,94.8,99.2,0.0,29.4,3,94975
2024-01-08 17:00:00,VEH_023,40.168208,-74.130092,51.4,1.22,0.344,0.007,24.092,22.519,5.903,2680.0,107.0,91.8,0.0,34.8,3,95140
2024-01-15 20:00:00,VEH_023,40.160349,-74.101077,33.43,-1.232,-0.289,0.244,-2.946,36.639,8.357,1926.0,104.1,74.3,0.0,23.7,2,95295
2024-01-22 15:00:00,VEH_023,40.137978,-74.059134,40.02,1.102,-0.237,-0.202,39.285,48.665,-35.678,2022.0,106.1,60.4,0.0,31.5,3,96148
2024-01-29 19:00:00,VEH_023,40.266869,-74.081231,39.5,0.393,-0.646,0.134,28.521,27.975,-37.059,1987.0,94.4,54.6,0.0,38.2,2,96375
2024-02-05 12:00:00,VEH_023,40.250433,-74.15634,58.61,-0.35,-0.925,-0.301,23.36,-27.373,37.699,2708.0,91.1,38.2,9.5,52.4,3,97075
2024-02-12 10:00:00,VEH_023,40.149521,-74.160309,43.55,-0.999,0.648,-0.202,-15.727,40.138,-14.075,2223.0,103.9,29.0,0.0,44.0,3,95983
2024-02-19 09:00:00,VEH_023,40.156712,-74.05564,52.48,-1.443,-0.551,0.485,-12.481,14.032,27.125,2459.0,90.7,16.0,0.0,48.0,3,95808
2024-01-01 15:00:00,VEH_024,41.665736,-73.454115,131.04,-2.882,0.759,-0.083,-49.07,-7.913,-39.902,4883.0,109.1,99.7,0.0,100.0,6,72770
2024-01-08 14:00:00,VEH_024,41.710014,-73.531924,108.24,-2.371,0.875,-0.382,47.312,-14.208,-9.024,4093.0,97.9,85.0,0.0,85.5,6,73137
2024-01-15 08:00:00,VEH_024,41.6639,-73.55378,113.62,-1.016,-1.989,0.172,-42.495,22.358,40.478,4571.0,113.1,77.7,0.0,86.5,6,73492
2024-01-22 16:00:00,VEH_024,41.702251,-73.455318,109.55,-2.401,-1.301,-0.461,-49.033,-36.161,14.72,4203.0,112.0,62.1,4.7,96.5,6,73139
2024-01-29 11:00:00,VEH_024,41.727524,-73.565508,133.79,-2.442,1.26,-0.317,14.885,29.691,-38.694,4974.0,117.6,49.7,0.0,100.0,6,74030
2024-02-05 17:00:00,VEH_024,41.801301,-73.456737,127.51,2.467,-0.069,0.069,47.344,-36.934,42.04,4801.0,110.0,42.8,0.0,100.0,6,75130
2024-02-12 07:00:00,VEH_024,41.833538,-73.564913,101.6,-2.926,1.473,0.025,20.058,-40.476,16.171,4145.0,109.6,25.2,43.7,85.0,6,75482
2024-02-19 09:00:00,VEH_024,41.752405,-73.520309,119.36,1.959,1.568,0.113,-42.513,-0.835,-25.911,4386.0,115.6,16.1,0.0,99.4,6,74058
2024-01-01 10:00:00,VEH_025,40.166853,-74.080177,124.83,-1.59,-0.164,0.301,-48.223,-9.656,-46.417,4724.0,114.6,99.5,0.0,100.0,6,137399
2024-01-08 14:00:00,VEH_025,40.156817,-74.106539,127.48,-1.172,0.033,-0.293,-16.803,26.742,9.995,4893.0,116.8,86.6,0.0,100.0,6,137731
2024-01-15 17:00:00,VEH_025,40.288216,-73.981535,105.86,-1.67,-0.635,0.33,32.184,24.251,-9.079,4362.0,101.4,76.2,2.3,81.5,6,137741
2024-01-22 10:00:00,VEH_025,40.278953,-74.087209,138.14,-0.258,1.126,0.217,-4.261,8.932,0.42,4987.0,107.1,68.3,29.4,100.0,6,138389
2024-01-29 13:00:00,VEH_025,40.157651,-73.977475,121.18,0.511,1.697,0.281,38.27,0.411,-11.534,4800.0,111.0,48.7,5.2,100.0,6,139039
2024-02-05 15:00:00,VEH_025,40.339965,-73.972243,117.56,2.823,-0.189,-0.367,21.187,43.551,13.258,4492.0,110.8,42.5,0.0,100.0,6,138699
2024-02-12 09:00:00,VEH_025,40.198726,-73.981841,138.01,-2.204,0.842,0.475,7.064,16.716,-8.252,5011.0,109.7,29.4,38.0,100.0,6,139787
2024-02-19 17:00:00,VEH_025,40.335556,-74.017937,136.33,-2.923,-1.574,-0.119,33.938,19.059,-20.486,4911.0,99.8,13.7,49.2,100.0,6,138617
2024-01-01 18:00:00,VEH_026,41.93696,-73.599351,51.01,0.527,0.124,-0.276,42.648,-11.245,45.67,2589.0,97.9,100.1,34.8,46.4,3,79483
2024-01-08 16:00:00,VEH_026,41.891257,-73.560662,25.78,0.362,0.562,0.37,23.845,-30.353,22.491,1905.0,105.8,90.0,0.0,26.6,2,79862
2024-01-15 09:00:00,VEH_026,41.887562,-73.635602,58.76,-0.979,0.028,-0.123,-3.367,43.749,-46.006,2734.0,102.0,72.3,0.0,44.1,3,80021
2024-01-22 20:00:00,VEH_026,41.893252,-73.660916,76.69,0.486,-0.019,0.073,28.626,-34.063,4.308,3244.0,108.3,62.2,0.0,57.6,4,79885
2024-01-29 12:00:00,VEH_026,41.847115,-73.626847,36.37,-0.418,-0.563,0.253,-25.965,14.226,41.861,2103.0,108.6,55.2,0.4,33.7,2,80795
2024-02-05 09:00:00,VEH_026,42.020505,-73.534577,46.17,1.335,-0.228,0.04,-1.32,-20.357,15.153,2298.0,107.8,43.2,0.0,44.5,3,81123
2024-02-12 11:00:00,VEH_026,41.931505,-73.481445,37.78,0.114,-0.985,-0.435,32.875,37.864,24.138,2202.0,104.2,31.6,0.0,23.6,2,81733
2024-02-19 12:00:00,VEH_026,41.958038,-73.483137,61.58,-0.122,-0.337,-0.412,-9.237,-4.887,-9.555,2669.0,107.0,16.6,0.0,45.9,4,81107
2024-01-01 11:00:00,VEH_027,40.779578,-73.947764,61.39,0.424,0.237,0.256,10.657,-21.848,42.669,2876.0,105.2,95.7,5.3,56.9,4,91714
2024-01-08 12:00:00,VEH_027,40.855223,-73.950279,58.96,0.1,-0.727,-0.109,14.794,45.739,-48.885,2888.0,101.8,92.6,0.0,52.7,3,92187
2024-01-15 19:00:00,VEH_027,40.887214,-74.057777,40.2,0.29,0.074,0.447,35.146,-35.754,-31.601,2128.0,104.0,80.0,0.0,31.8,3,92574
2024-01-22 15:00:00,VEH_027,40.94315,-74.043559,47.25,0.899,0.705,0.351,-24.931,-30.258,8.06,2591.0,109.6,63.6,0.0,35.2,3,92116
2024-01-29 11:00:00,VEH_027,40.847628,-73.948165,49.38,-0.645,-0.86,-0.307,-13.551,-18.367,-7.169,2476.0,96.5,53.6,0.0,34.2,3,93274
2024-02-05 06:00:00,VEH_027,40.838843,-73.925292,68.49,0.423,-0.447,-0.141,5.167,-32.423,10.663,3126.0,98.5,39.8,0.0,62.6,4,93459
2024-02-12 19:00:00,VEH_027,40.832323,-73.917135,75.65,-0.911,0.467,0.127,-9.487,9.004,40.63,3361.0,110.4,31.5,0.0,69.3,4,94090
2024-02-19 14:00:00,VEH_027,40.828323,-73.903627,61.59,0.462,-0.703,-0.108,-10.321,0.217,16.268,3004.0,103.0,19.6,0.0,51.3,4,92736
2024-01-01 19:00:00,VEH_028,40.768971,-73.81532,59.28,-2.158,-1.363,0.066,-1.236,-43.714,-13.056,2805.0,108.4,96.5,47.0,40.2,3,74986
2024-01-08 06:00:00,VEH_028,40.709888,-73.908114,60.83,2.507,1.526,-0.46,-23.668,4.435,-32.615,2884.0,93.1,92.7,0.0,46.2,4,75465
2024-01-15 16:00:00,VEH_028,40.651875,-73.894155,62.39,-1.49,1.891,-0.277,-6.01,-27.001,1.454,2834.0,107.6,74.5,44.4,42.1,4,75328
2024-01-22 10:00:00,VEH_028,40.618474,-73.97431,42.89,-2.29,-1.079,0.311,-47.755,-45.686,7.349,2375.0,98.9,63.8,0.0,29.0,3,75916
2024-01-29 08:00:00,VEH_028,40.603116,-73.909162,62.83,-2.002,1.69,0.017,-28.341,10.653,-2.859,2847.0,110.7,53.4,36.4,58.8,4,75558
2024-02-05 13:00:00,VEH_028,40.610284,-73.845618,55.43,1.923,-1.272,0.16,-12.179,-36.779,-48.344,2569.0,105.0,38.4,0.0,48.0,3,76071
2024-02-12 14:00:00,VEH_028,40.748089,-73.910819,41.57,-2.422,-0.097,0.115,40.198,3.929,-49.88,2063.0,104.8,28.0,0.0,34.3,3,75982
2024-02-19 18:00:00,VEH_028,40.711883,-73.925392,46.95,1.186,-0.284,0.438,-40.228,-36.612,-2.286,2401.0,105.1,14.5,45.4,45.9,3,77744
2024-01-01 09:00:00,VEH_029,41.497699,-74.524362,53.1,-1.453,-1.978,0.244,-9.115,-39.342,-7.393,2396.0,100.8,100.2,0.0,38.4,3,67728
2024-01-08 15:00:00,VEH_029,41.366409,-74.370131,43.34,-1.347,0.722,0.255,48.851,7.765,27.419,2265.0,105.0,87.8,0.0,37.2,3,67957
2024-01-15 12:00:00,VEH_029,41.462838,-74.370126,57.94,-0.32,0.797,-0.338,-44.795,-11.09,13.588,2624.0,98.8,74.4,0.0,52.2,3,68650
2024-01-22 18:00:00,VEH_029,41.3339,-74.51206,67.7,-2.616,-1.113,-0.42,46.353,-44.254,27.361,2846.0,99.5,68.8,0.0,56.8,4,69120
2024-01-29 08:00:00,VEH_029,41.44374,-74.453332,34.56,1.823,-0.856,-0.466,15.502,47.565,-41.316,2077.0,98.8,49.3,0.0,19.5,2,68616
2024-02-05 10:00:00,VEH_029,41.471617,-74.4705,43.58,0.106,0.948,-0.431,-27.37,46.306,-4.524,2144.0,95.0,43.3,17.4,45.6,3,68933
2024-02-12 12:00:00,VEH_029,41.430663,-74.488904,40.69,-2.566,-0.823,0.447,6.317,26.997,25.747,2342.0,108.2,31.8,28.7,37.8,3,69486
2024-02-19 18:00:00,VEH_029,41.407452,-74.448982,48.06,-2.302,-1.73,0.134,3.565,20.082,-23.665,2639.0,103.3,13.3,0.0,49.2,3,70276
2024-01-01 10:00:00,VEH_030,40.946914,-74.186783,52.84,-1.272,0.863,-0.023,23.711,-26.514,-25.794,2527.0,108.2,97.7,34.2,52.2,3,18234
2024-01-08 10:00:00,VEH_030,40.969668,-74.28097,29.99,0.356,-0.688,-0.393,45.799,34.801,-12.88,2068.0,101.5,89.6,0.0,30.3,2,18611
2024-01-15 11:00:00,VEH_030,41.02678,-74.124451,55.88,1.106,-0.018,0.484,-2.168,4.077,0.248,2843.0,96.2,73.2,0.0,37.6,3,18866
2024-01-22 12:00:00,VEH_030,41.100392,-74.166342,38.29,-1.139,0.036,-0.184,-31.285,-23.715,-23.059,1952.0,102.3,62.8,0.0,29.1,2,18930
2024-01-29 15:00:00,VEH_030,40.996931,-74.28474,36.96,-0.243,0.504,-0.135,-23.005,-26.419,-6.778,2069.0,97.7,52.7,34.3,37.1,2,20110
2024-02-05 12:00:00,VEH_030,40.967525,-74.161516,49.54,-0.081,-0.981,-0.078,-19.997,6.214,6.783,2340.0,107.8,41.3,0.0,37.6,3,19979
2024-02-12 12:00:00,VEH_030,40.948107,-74.288855,28.62,-0.737,0.678,-0.404,-48.016,-37.876,36.737,1956.0,93.1,26.6,0.0,30.0,2,19890
2024-02-19 15:00:00,VEH_030,40.968104,-74.206344,45.97,-0.976,0.561,-0.145,45.659,36.826,14.058,2448.0,99.3,18.4,19.1,34.0,3,21195
2024-01-01 20:00:00,VEH_031,41.414183,-73.591362,95.39,-1.286,-0.676,-0.272,28.097,43.877,24.79,3788.0,100.4,97.7,0.0,74.9,5,66160
2024-01-08 14:00:00,VEH_031,41.53981,-73.634819,70.19,0.683,0.324,0.44,4.843,-47.364,-10.299,3186.0,93.6,84.7,0.0,49.8,4,66502
2024-01-15 18:00:00,VEH_031,41.545908,-73.696831,85.1,1.295,-0.22,-0.271,16.355,36.037,-17.48,3648.0,102.4,72.3,0.0,64.3,5,66394
2024-01-22 13:00:00,VEH_031,41.440144,-73.543437,103.57,-1.095,0.897,0.039,-19.034,-15.283,3.967,4144.0,104.5,66.5,21.7,89.1,6,67279
2024-01-29 18:00:00,VEH_031,41.364616,-73.656043,79.44,-1.468,0.047,0.258,-2.293,-49.087,-6.956,3238.0,98.7,52.4,0.0,66.0,4,68104
2024-02-05 10:00:00,VEH_031,41.466106,-73.558264,84.43,1.146,-0.126,-0.25,-26.044,26.454,40.995,3619.0,106.4,43.3,0.0,61.9,5,68260
2024-02-12 18:00:00,VEH_031,41.48549,-73.663244,93.2,-0.694,-0.624,-0.432,-31.221,-48.06,-45.037,3651.0,96.5,27.6,0.0,81.7,5,68266
2024-02-19 14:00:00,VEH_031,41.351131,-73.52315,74.74,-0.185,-0.984,-0.41,29.142,-16.975,34.355,3048.0,96.8,15.2,24.9,59.7,4,69352
2024-01-01 08:00:00,VEH_032,40.292028,-74.347938,34.28,-0.09,-0.616,0.342,-25.284,49.454,-30.082,2155.0,105.0,96.2,12.4,34.0,2,73700
2024-01-08 17:00:00,VEH_032,40.435019,-74.398841,88.93,-0.082,0.363,-0.188,-20.119,-13.957,-44.791,3597.0,106.5,83.4,26.0,69.2,5,74126
2024-01-15 16:00:00,VEH_032,40.324378,-74.480483,67.97,-0.526,-0.665,-0.224,18.841,-34.501,27.08,2887.0,107.6,71.1,0.0,62.3,4,74386
2024-01-22 09:00:00,VEH_032,40.31236,-74.484789,67.12,1.293,0.994,0.125,28.856,25.67,30.553,2837.0,104.6,66.0,6.3,50.6,4,74855
2024-01-29 13:00:00,VEH_032,40.427458,-74.498798,52.67,0.673,-0.499,-0.461,-15.234,23.24,-22.468,2663.0,101.4,52.4,0.0,45.2,3,75212
2024-02-05 19:00:00,VEH_032,40.400556,-74.330957,39.62,0.093,-0.101,0.319,11.973,-13.592,12.02,2205.0,98.0,42.8,0.0,37.7,2,74245
2024-02-12 11:00:00,VEH_032,40.425021,-74.371411,62.34,-0.338,0.048,-0.002,15.889,-45.622,43.78,2891.0,103.5,26.2,0.0,44.2,4,75902
2024-02-19 08:00:00,VEH_032,40.455519,-74.462653,59.12,-1.204,0.142,0.336,21.785,-48.691,42.104,2837.0,101.4,18.0,0.0,46.6,3,76570
2024-01-01 16:00:00,VEH_033,40.93233,-73.692971,34.8,0.903,-0.879,0.058,23.43,33.446,-42.206,2219.0,96.8,98.7,41.2,24.3,2,102876
2024-01-08 09:00:00,VEH_033,41.026166,-73.8515,73.51,0.095,-0.621,0.026,7.656,17.449,20.255,3105.0,104.9,84.8,20.8,53.4,4,103302
2024-01-15 12:00:00,VEH_033,41.010614,-73.837562,40.82,-0.295,-0.325,-0.342,34.485,-8.766,13.324,2424.0,97.9,74.5,0.0,43.8,3,103408
2024-01-22 19:00:00,VEH_033,40.979223,-73.749241,63.79,-0.858,0.531,0.426,9.576,1.761,49.341,2815.0,110.6,63.5,0.0,57.7,4,103611
2024-01-29 10:00:00,VEH_033,40.835363,-73.674045,42.89,-0.555,0.543,0.443,-46.226,-14.434,-36.159,2416.0,107.7,52.1,0.0,37.2,3,103468
2024-02-05 11:00:00,VEH_033,41.011974,-73.820953,45.37,-0.599,0.141,0.069,20.285,31.952,-40.464,2248.0,91.1,38.2,0.0,37.6,3,105141
2024-02-12 16:00:00,VEH_033,40.894128,-73.724766,64.58,-1.265,-0.888,0.271,34.948,42.865,13.389,2876.0,107.8,27.2,43.5,48.3,4,105480
2024-02-19 16:00:00,VEH_033,40.910546,-73.809967,32.47,0.12,-0.701,0.002,7.525,-40.992,-6.806,1862.0,89.3,18.3,0.0,26.0,2,105704
2024-01-01 18:00:00,VEH_034,41.580049,-74.464293,43.3,0.214,-0.901,-0.101,-30.189,-10.468,7.133,2133.0,99.4,102.7,0.0,28.8,3,25889
2024-01-08 14:00:00,VEH_034,41.624384,-74.343597,49.85,-1.285,0.554,-0.177,-15.548,15.541,26.968,2665.0,91.8,89.7,0.0,38.5,3,26153
2024-01-15 08:00:00,VEH_034,41.698715,-74.367487,79.61,-0.173,-0.708,-0.455,-25.695,12.1,-35.232,3515.0,97.0,74.7,42.6,58.6,4,26143
2024-01-22 19:00:00,VEH_034,41.665212,-74.487984,67.75,-1.166,-0.1,-0.477,12.304,49.23,19.507,2916.0,102.5,61.0,0.0,51.6,4,26930
2024-01-29 16:00:00,VEH_034,41.504863,-74.37413,66.54,-1.37,-0.659,-0.216,16.037,16.298,41.287,3112.0,104.0,47.5,0.0,45.6,4,27081
2024-02-05 11:00:00,VEH_034,41.674041,-74.486915,74.7,0.448,-0.538,-0.119,46.679,6.069,21.247,3432.0,94.5,38.2,26.6,56.0,4,27669
2024-02-12 06:00:00,VEH_034,41.550663,-74.384848,53.34,-0.32,-0.686,-0.153,-24.232,-11.283,49.995,2541.0,102.8,25.4,25.1,50.7,3,28409
2024-02-19 06:00:00,VEH_034,41.690012,-74.300908,49.02,-0.475,-0.214,-0.363,-34.725,47.054,40.974,2563.0,100.3,17.8,34.3,39.2,3,28640
2024-01-01 11:00:00,VEH_035,40.270199,-74.390158,61.35,0.552,-0.595,-0.362,-35.485,43.303,41.711,2916.0,109.1,104.1,0.0,59.3,4,59862
2024-01-08 11:00:00,VEH_035,40.193928,-74.30992,60.55,1.019,-0.709,-0.471,43.325,-22.62,27.911,2744.0,110.5,92.6,0.0,55.4,4,60288
2024-01-15 07:00:00,VEH_035,40.206674,-74.411272,79.58,0.317,0.225,0.096,21.202,-12.604,35.213,3280.0,93.5,71.8,6.7,73.2,4,60542
2024-01-22 13:00:00,VEH_035,40.275134,-74.383755,37.53,1.406,0.851,0.45,36.713,-1.006,-17.51,2015.0,102.2,61.0,0.0,24.8,2,60834
2024-01-29 13:00:00,VEH_035,40.357882,-74.331001,68.24,0.973,0.44,-0.106,2.065,-4.839,32.701,3223.0,103.3,52.4,0.0,60.9,4,60338
2024-02-05 06:00:00,VEH_035,40.355921,-74.367368,59.01,-1.382,-0.225,0.265,-7.754,11.313,-44.545,2955.0,94.7,39.4,38.7,44.9,3,60787
2024-02-12 14:00:00,VEH_035,40.3611,-74.323796,55.95,0.002,-0.64,0.085,9.032,21.263,-29.807,2836.0,101.5,26.9,0.0,37.1,3,61854
2024-02-19 13:00:00,VEH_035,40.198401,-74.351697,62.49,-1.008,0.467,-0.409,44.975,-12.132,-11.939,2957.0,103.9,11.9,36.3,61.6,4,62753
2024-01-01 18:00:00,VEH_036,41.550221,-73.676994,104.7,-2.027,-1.422,0.269,46.043,-49.647,26.54,3962.0,101.6,102.3,14.4,80.9,6,75485
2024-01-08 06:00:00,VEH_036,41.607773,-73.572951,68.94,2.296,-1.048,0.089,-22.189,12.864,32.012,3059.0,100.1,83.8,0.0,52.3,4,75865
2024-01-15 09:00:00,VEH_036,41.525828,-73.714382,76.62,2.123,0.668,0.338,-21.562,16.092,19.985,3218.0,111.1,71.5,0.0,57.4,4,76373
2024-01-22 15:00:00,VEH_036,41.673506,-73.708549,69.69,2.589,-1.627,-0.201,-2.918,-37.798,35.941,3038.0,99.5,59.7,0.0,59.1,4,76232
2024-01-29 11:00:00,VEH_036,41.621455,-73.639104,87.71,-2.344,0.919,0.129,34.78,-24.034,7.514,3826.0,103.4,53.9,49.3,68.8,5,77129
2024-02-05 15:00:00,VEH_036,41.586815,-73.71809,76.76,0.791,-0.03,-0.32,29.673,23.747,-29.267,3347.0,106.8,44.8,0.0,54.4,4,77585
2024-02-12 15:00:00,VEH_036,41.715841,-73.661225,60.64,0.825,-1.955,-0.299,-38.616,-16.672,-10.395,2732.0,106.9,26.1,0.0,47.0,4,76103
2024-02-19 15:00:00,VEH_036,41.639243,-73.73821,47.27,-0.972,0.69,0.416,39.593,-3.753,31.417,2537.0,102.6,15.8,0.0,47.2,3,78103
2024-01-01 20:00:00,VEH_037,41.98651,-73.506612,29.06,-0.553,0.072,-0.292,34.074,-16.085,-12.476,1946.0,103.9,103.9,0.0,33.6,2,23261
2024-01-08 14:00:00,VEH_037,42.006474,-73.559437,31.64,1.094,0.503,0.205,32.946,-19.737,2.51,1875.0,88.8,87.1,0.0,21.1,2,23592
2024-01-15 08:00:00,VEH_037,41.860439,-73.516644,47.89,-0.169,-0.95,-0.017,26.948,-40.175,48.227,2437.0,93.6,80.2,26.2,45.4,3,23607
2024-01-22 14:00:00,VEH_037,41.973336,-73.64709,42.56,0.641,0.045,-0.496,-39.69,26.618,24.555,2450.0,103.0,64.9,0.0,34.8,3,23630
2024-01-29 06:00:00,VEH_037,41.953505,-73.611204,47.23,-0.922,-0.447,-0.181,5.963,-39.762,4.253,2393.0,92.1,48.5,0.0,29.7,3,24933
2024-02-05 14:00:00,VEH_037,41.90169,-73.645322,40.59,-0.766,-0.858,0.113,-11.64,-41.388,-10.808,2153.0,97.9,36.3,0.0,37.3,3,24031
2024-02-12 17:00:00,VEH_037,41.957217,-73.555082,48.36,0.349,-0.375,0.317,-40.708,30.235,19.86,2536.0,103.3,28.3,37.8,39.6,3,24263
2024-02-19 07:00:00,VEH_037,41.92911,-73.536737,42.11,-0.805,-0.552,0.361,-4.672,-46.974,-2.467,2310.0,107.5,14.9,0.0,38.4,3,25123
2024-01-01 11:00:00,VEH_038,40.958447,-73.566197,46.94,-0.454,0.149,0.008,3.275,-9.918,-8.656,2370.0,104.0,96.1,0.0,30.5,3,53597
2024-01-08 15:00:00,VEH_038,40.911455,-73.703546,58.94,-1.302,-0.584,0.194,16.261,-42.211,43.086,2741.0,110.5,88.7,0.0,53.0,3,53785
2024-01-15 15:00:00,VEH_038,41.030067,-73.712485,65.76,-0.524,-0.805,-0.055,-17.259,14.499,-43.852,2896.0,99.7,77.0,0.0,56.7,4,54185
2024-01-22 09:00:00,VEH_038,41.026124,-73.557898,84.2,0.408,-1.0,-0.353,37.743,-20.026,29.435,3386.0,104.0,62.9,0.0,64.1,5,54941
2024-01-29 16:00:00,VEH_038,40.923627,-73.546683,56.08,1.448,-0.311,-0.411,40.108,46.79,-49.916,2486.0,110.3,51.0,0.0,42.6,3,54753
2024-02-05 14:00:00,VEH_038,41.026868,-73.663501,81.67,1.097,-0.53,0.202,-32.659,-36.093,5.542,3408.0,99.5,38.8,0.0,69.0,5,55792
2024-02-12 19:00:00,VEH_038,41.047613,-73.567357,39.26,1.492,0.34,-0.366,-41.534,14.224,-8.414,2006.0,89.2,30.2,0.0,31.4,2,54611
2024-02-19 13:00:00,VEH_038,41.041433,-73.596272,85.82,0.37,-0.091,-0.076,34.68,-26.325,0.173,3703.0,101.3,13.3,0.0,61.7,5,56082
2024-01-01 12:00:00,VEH_039,42.055931,-74.219527,21.34,-1.386,-0.033,-0.131,27.887,-3.506,-42.177,1672.0,106.4,95.8,26.3,25.0,2,53158
2024-01-08 20:00:00,VEH_039,41.992632,-74.285751,45.23,0.491,0.337,0.184,1.266,-3.077,23.381,2372.0,101.1,89.1,26.8,27.9,3,53490
2024-01-15 12:00:00,VEH_039,41.941201,-74.139245,31.78,-0.997,0.39,0.098,-44.838,49.036,30.89,1875.0,103.9,73.6,0.0,28.1,2,53944
2024-01-22 15:00:00,VEH_039,41.876078,-74.237845,25.07,-1.269,0.568,-0.248,-34.886,-5.335,30.784,1799.0,93.0,61.6,30.2,29.1,2,54592
2024-01-29 10:00:00,VEH_039,42.027124,-74.287558,27.23,0.082,-0.934,0.484,-26.205,-5.981,13.757,2004.0,99.6,55.2,37.6,21.0,2,54342
2024-02-05 09:00:00,VEH_039,41.986169,-74.16643,22.17,-0.707,0.639,-0.447,20.561,-2.541,-35.485,1651.0,96.7,39.8,46.1,13.2,2,55403
2024-02-12 19:00:00,VEH_039,41.957565,-74.277039,51.89,-0.354,-0.369,0.03,41.804,35.836,-16.503,2739.0,92.1,28.3,0.0,50.1,3,55630
2024-02-19 10:00:00,VEH_039,42.031081,-74.283728,43.37,-0.117,0.351,-0.258,4.761,17.28,33.169,2370.0,104.7,16.2,0.0,46.0,3,54978
2024-01-01 06:00:00,VEH_040,40.291844,-74.198239,71.13,-0.445,0.451,-0.248,45.049,13.808,20.808,2948.0,104.5,95.6,0.0,67.2,4,84776
2024-01-08 07:00:00,VEH_040,40.226871,-74.182355,52.56,0.792,0.296,0.303,13.878,42.27,-22.362,2451.0,92.5,84.8,0.0,47.0,3,84914
2024-01-15 12:00:00,VEH_040,40.348038,-74.169776,76.21,-0.728,0.561,-0.223,-5.943,-0.828,42.859,3111.0,100.4,81.0,0.0,69.8,4,85158
2024-01-22 15:00:00,VEH_040,40.288121,-74.174195,36.51,0.122,-0.137,0.114,-24.94,-5.412,39.651,1938.0,97.5,61.6,0.0,21.8,2,86192
2024-01-29 08:00:00,VEH_040,40.340167,-74.303118,32.27,-0.329,-0.697,-0.17,28.094,28.538,4.013,1925.0,88.3,54.1,23.9,25.0,2,86664
2024-02-05 06:00:00,VEH_040,40.286479,-74.16544,76.79,-1.136,0.071,0.492,-41.954,-4.036,26.651,3237.0,98.7,35.6,32.4,61.3,4,86146
2024-02-12 16:00:00,VEH_040,40.250218,-74.192397,88.05,0.482,-0.402,-0.11,-30.691,21.974,9.295,3484.0,107.6,27.9,21.9,67.2,5,85484
2024-02-19 13:00:00,VEH_040,40.287348,-74.144744,68.6,-0.001,0.93,0.312,-38.181,30.71,16.732,3245.0,92.2,14.4,0.0,61.6,4,86925
2024-01-01 13:00:00,VEH_041,40.202349,-73.841782,56.0,-0.801,-0.856,0.235,-36.946,-32.775,-45.004,2676.0,91.0,104.1,0.0,41.5,3,25979
2024-01-08 10:00:00,VEH_041,40.178479,-73.996364,59.63,-1.308,0.635,-0.386,17.84,-17.577,47.585,2827.0,103.3,83.6,0.0,46.4,3,26456
2024-01-15 15:00:00,VEH_041,40.123508,-73.951504,65.38,-1.363,-0.653,-0.437,42.568,-45.93,-40.003,2871.0,106.7,72.7,0.0,47.8,4,26427
2024-01-22 19:00:00,VEH_041,40.14077,-73.940596,43.16,-1.258,-0.986,0.426,19.236,-29.384,13.983,2377.0,101.2,61.8,0.0,41.8,3,27008
2024-01-29 14:00:00,VEH_041,40.104415,-73.967971,42.46,0.289,0.434,0.112,-38.249,3.02,-40.432,2109.0,105.8,50.0,0.0,36.5,3,26771
2024-02-05 11:00:00,VEH_041,40.186877,-73.818466,52.44,0.379,-0.584,-0.447,-44.597,-13.581,-29.041,2418.0,93.2,43.4,24.9,36.9,3,26589
2024-02-12 10:00:00,VEH_041,40.08119,-73.854791,56.73,0.721,0.85,-0.324,-8.093,24.709,39.837,2816.0,100.4,24.2,36.1,49.1,3,27575
2024-02-19 09:00:00,VEH_041,40.170126,-73.950596,40.0,1.11,-0.249,-0.279,-32.194,-12.651,-4.226,2188.0,98.7,19.9,0.0,41.9,2,28303
2024-01-01 09:00:00,VEH_042,41.729089,-74.336368,23.01,0.577,-0.881,-0.363,-34.321,29.457,45.276,1831.0,96.5,96.7,0.0,26.9,2,24910
2024-01-08 20:00:00,VEH_042,41.636672,-74.337452,44.06,1.071,-0.022,0.496,-6.575,-27.759,42.748,2359.0,106.1,85.8,36.8,31.7,3,25177
2024-01-15 08:00:00,VEH_042,41.785436,-74.351829,29.61,1.474,0.467,0.004,-25.949,5.849,-48.758,1859.0,95.8,79.1,0.0,16.6,2,25616
2024-01-22 17:00:00,VEH_042,41.684009,-74.487878,28.7,1.497,-0.968,0.169,27.184,37.42,-9.464,1726.0,97.1,64.7,0.0,33.4,2,25921
2024-01-29 18:00:00,VEH_042,41.776995,-74.406117,38.53,0.382,-0.23,0.191,29.448,28.769,-41.904,2168.0,94.8,54.5,0.0,34.4,2,26486
2024-02-05 20:00:00,VEH_042,41.669824,-74.34503,38.01,-0.408,-0.897,-0.117,20.934,-29.529,48.125,2127.0,89.6,38.7,0.0,35.8,2,26845
2024-02-12 09:00:00,VEH_042,41.710612,-74.401671,45.18,1.113,0.406,0.253,-43.663,-15.477,-1.377,2460.0,95.9,32.0,0.0,36.1,3,25672
2024-02-19 14:00:00,VEH_042,41.768597,-74.437446,38.13,1.198,-0.096,-0.132,-41.983,39.795,-21.163,2213.0,102.7,20.8,9.4,39.5,2,25918
2024-01-01 07:00:00,VEH_043,41.805065,-73.975136,47.88,-0.011,0.75,0.021,-7.987,23.771,-47.852,2487.0,95.7,104.7,0.0,32.5,3,71657
2024-01-08 09:00:00,VEH_043,41.795782,-73.855966,29.29,1.342,0.289,-0.088,-5.474,-19.592,-36.805,1816.0,100.9,86.3,0.0,28.3,2,72037
2024-01-15 18:00:00,VEH_043,41.844491,-73.872471,29.07,-0.384,-0.424,0.346,-21.475,47.321,33.933,1731.0,93.6,80.6,0.0,17.4,2,72405
2024-01-22 17:00:00,VEH_043,41.964134,-73.871434,26.45,-1.149,0.988,0.075,-12.709,3.987,-33.74,1770.0,95.0,61.1,33.3,31.6,2,72182
2024-01-29 10:00:00,VEH_043,41.80749,-74.02534,57.24,0.806,0.896,0.428,-2.609,-21.017,44.401,2580.0,110.1,52.5,0.0,50.6,3,72661
2024-02-05 15:00:00,VEH_043,41.91657,-73.87041,49.14,1.267,-0.323,-0.388,34.088,-5.403,-40.752,2466.0,90.7,41.8,0.0,31.4,3,73737
2024-02-12 06:00:00,VEH_043,41.904822,-73.991295,41.06,0.844,0.534,-0.304,-18.224,10.508,44.34,2065.0,106.1,29.8,48.8,32.1,3,73763
2024-02-19 20:00:00,VEH_043,41.916545,-73.950813,48.64,-0.217,-0.228,-0.488,24.153,-8.439,-5.75,2397.0,96.0,15.5,0.0,34.8,3,73946
2024-01-01 08:00:00,VEH_044,41.930548,-74.201669,56.95,1.189,-0.721,0.087,25.611,-41.155,-9.054,2543.0,94.9,99.7,49.3,38.8,3,31491
2024-01-08 20:00:00,VEH_044,41.824079,-74.360762,58.48,0.204,0.83,-0.301,5.928,-3.655,-47.316,2887.0,96.6,87.9,15.1,50.4,3,31843
2024-01-15 06:00:00,VEH_044,41.800218,-74.335707,65.62,0.41,-0.752,0.166,-22.278,49.433,-43.328,2884.0,95.1,80.1,0.0,45.3,4,32473
2024-01-22 17:00:00,VEH_044,41.841765,-74.299644,57.44,-0.726,0.372,0.474,-44.149,-18.032,37.832,2851.0,98.2,66.3,0.0,43.1,3,32682
2024-01-29 08:00:00,VEH_044,41.84089,-74.385163,54.45,0.409,0.91,-0.451,-40.549,25.263,4.371,2550.0,103.2,47.8,0.0,47.9,3,33455
2024-02-05 19:00:00,VEH_044,41.832655,-74.226742,72.0,-0.686,0.396,-0.137,-1.51,-15.969,41.079,3174.0,99.2,36.4,0.0,55.6,4,33981
2024-02-12 07:00:00,VEH_044,41.812988,-74.295064,73.26,0.885,0.117,0.19,-38.343,-36.877,-48.262,3379.0,109.2,30.1,40.1,59.4,4,32325
2024-02-19 11:00:00,VEH_044,41.831728,-74.323227,72.68,1.169,0.195,0.264,18.805,-19.257,-29.016,3117.0,106.5,11.3,11.1,67.7,4,32695
2024-01-01 07:00:00,VEH_045,40.246718,-73.801894,36.7,-1.444,-0.031,-0.069,-45.672,-19.835,-48.973,1980.0,89.3,101.6,0.0,30.0,2,72570
2024-01-08 07:00:00,VEH_045,40.318231,-73.770479,42.32,1.204,-0.63,-0.148,28.08,11.296,0.491,2106.0,106.1,92.4,17.4,28.5,3,72926
2024-01-15 07:00:00,VEH_045,40.181578,-73.838872,30.84,-0.849,-0.617,-0.218,35.13,-2.528,19.813,2086.0,98.8,80.7,0.0,20.0,2,73286
2024-01-22 08:00:00,VEH_045,40.24969,-73.762949,40.85,-0.436,-0.241,-0.286,-0.418,-13.875,-21.173,2117.0,91.3,68.8,0.0,26.2,3,73077
2024-01-29 17:00:00,VEH_045,40.169879,-73.888876,36.94,-0.649,0.201,-0.188,35.677,39.475,30.244,2299.0,97.6,52.5,0.0,37.9,2,73354
2024-02-05 16:00:00,VEH_045,40.235245,-73.951942,70.45,0.516,-0.207,0.023,42.529,47.785,-43.529,3184.0,94.4,38.9,0.0,68.3,4,74965
2024-02-12 09:00:00,VEH_045,40.229483,-73.835507,89.44,-1.132,0.676,0.225,44.323,-14.39,16.668,3595.0,108.2,28.8,0.0,80.3,5,75144
2024-02-19 12:00:00,VEH_045,40.359262,-73.852216,38.84,-0.136,-0.756,-0.011,47.207,-11.737,17.92,2058.0,107.7,11.3,41.5,32.3,2,73361
2024-01-01 08:00:00,VEH_046,40.877122,-73.476899,62.11,0.12,-0.031,-0.034,4.662,45.258,-46.84,2781.0,101.2,100.0,0.0,57.9,4,92883
2024-01-08 12:00:00,VEH_046,40.992596,-73.577719,48.29,-0.345,-1.856,-0.323,21.572,-1.255,-39.062,2512.0,105.4,91.8,0.0,38.9,3,93142
2024-01-15 16:00:00,VEH_046,40.914682,-73.490789,49.64,0.374,-1.375,-0.444,-17.952,-47.185,-45.488,2395.0,101.8,74.8,0.0,46.7,3,93373
2024-01-22 19:00:00,VEH_046,40.889853,-73.439635,54.33,0.751,-0.478,-0.072,9.253,41.039,-43.45,2827.0,98.7,59.6,0.0,40.0,3,93660
2024-01-29 10:00:00,VEH_046,40.839465,-73.56759,46.0,0.947,-0.31,0.015,-10.97,7.254,30.833,2348.0,90.0,51.7,0.0,34.7,3,94451
2024-02-05 07:00:00,VEH_046,40.954744,-73.560364,50.33,1.004,-1.333,-0.2,-21.264,-45.247,49.623,2698.0,94.1,41.4,3.8,48.9,3,93928
2024-02-12 12:00:00,VEH_046,40.977492,-73.476632,72.52,0.469,0.367,-0.227,0.464,-20.009,16.346,3202.0,102.9,27.3,0.0,52.0,4,94407
2024-02-19 11:00:00,VEH_046,40.856586,-73.521086,53.58,1.581,-1.278,-0.481,43.81,-23.206,13.793,2689.0,107.6,16.8,0.0,53.9,3,96243
2024-01-01 18:00:00,VEH_047,41.034653,-74.313719,86.15,0.38,0.045,-0.136,36.019,41.114,13.393,3443.0,96.6,101.9,0.0,70.5,5,29204
2024-01-08 19:00:00,VEH_047,40.994257,-74.302801,88.74,0.304,-0.188,-0.386,-7.798,40.566,-29.801,3539.0,98.8,91.3,0.0,75.2,5,29527
2024-01-15 10:00:00,VEH_047,40.939055,-74.415864,100.79,-0.972,0.705,0.464,40.057,-9.299,-13.657,4018.0,95.5,79.6,0.0,86.0,6,29468
2024-01-22 16:00:00,VEH_047,41.088913,-74.388164,105.23,-0.792,0.142,0.0,-26.192,-37.772,30.669,4005.0,108.8,64.8,26.3,87.6,6,29642
2024-01-29 11:00:00,VEH_047,41.078236,-74.320096,102.31,1.307,-0.564,-0.393,44.871,-18.351,-7.622,3955.0,100.7,51.1,2.8,85.9,6,31036
2024-02-05 16:00:00,VEH_047,40.961038,-74.411996,91.52,-0.074,-0.265,-0.192,-26.032,5.273,-19.073,3804.0,112.3,35.3,39.9,67.4,5,31419
2024-02-12 17:00:00,VEH_047,40.98434,-74.305093,78.94,1.073,-0.223,0.41,-20.258,35.942,-33.977,3326.0,112.5,25.6,0.0,72.2,4,30524
2024-02-19 13:00:00,VEH_047,41.03804,-74.29165,95.28,-1.398,0.733,0.323,32.44,19.848,0.633,4035.0,103.9,15.1,35.9,86.9,5,30261
2024-01-01 11:00:00,VEH_048,40.554149,-74.015969,72.15,1.171,1.048,0.141,-18.628,-41.777,-34.218,3038.0,101.1,101.4,0.0,54.1,4,28033
2024-01-08 14:00:00,VEH_048,40.612688,-74.008294,74.28,0.564,-0.359,0.439,29.953,-30.134,-8.55,3209.0,109.9,84.3,0.0,63.8,4,28300
2024-01-15 08:00:00,VEH_048,40.548674,-74.086351,89.1,-2.876,-1.908,0.059,-45.022,11.8,10.039,3718.0,98.5,71.9,0.0,69.5,5,28405
2024-01-22 08:00:00,VEH_048,40.487787,-74.088231,87.51,1.312,-0.259,0.42,-23.38,24.644,-11.793,3607.0,107.2,60.2,9.5,80.2,5,29533
2024-01-29 12:00:00,VEH_048,40.641243,-74.041798,92.31,1.063,-0.327,-0.091,8.29,14.724,-41.426,3628.0,100.0,49.6,0.0,85.1,5,29189
2024-02-05 13:00:00,VEH_048,40.496616,-74.097166,83.8,1.28,0.834,0.236,49.674,43.932,46.721,3416.0,95.3,35.6,0.0,64.5,5,29438
2024-02-12 15:00:00,VEH_048,40.611888,-73.999844,48.29,-0.714,1.91,0.171,43.033,37.79,-36.808,2302.0,107.7,23.4,0.0,33.6,3,30145
2024-02-19 11:00:00,VEH_048,40.612026,-74.075229,58.62,2.871,-0.003,0.473,1.697,-6.422,-33.502,2671.0,98.1,15.3,13.2,55.4,3,29678
2024-01-01 17:00:00,VEH_049,41.962425,-74.343678,58.51,0.945,1.193,-0.447,-38.398,39.518,-0.509,2615.0,95.4,95.4,0.0,52.9,3,148658
2024-01-08 13:00:00,VEH_049,41.834816,-74.354607,71.21,2.075,1.468,-0.376,6.325,16.314,-28.76,2974.0,109.5,84.8,0.0,59.5,4,148897
2024-01-15 06:00:00,VEH_049,41.868715,-74.382255,63.19,1.61,0.708,0.387,33.698,-34.622,-41.894,2706.0,104.9,77.8,0.0,54.5,4,148966
2024-01-22 19:00:00,VEH_049,41.905053,-74.400442,75.16,0.948,-0.682,-0.456,-28.863,-45.132,14.364,3304.0,101.6,68.5,45.3,68.6,4,149156
2024-01-29 11:00:00,VEH_049,41.923141,-74.347653,75.53,-2.445,-0.979,-0.26,-21.506,25.256,15.406,3374.0,100.5,47.2,0.0,60.7,4,149882
2024-02-05 07:00:00,VEH_049,41.823221,-74.336193,89.18,2.422,0.414,-0.141,6.306,-7.693,25.649,3514.0,101.3,37.0,0.0,72.1,5,149843
2024-02-12 18:00:00,VEH_049,41.837159,-74.459142,72.96,0.08,1.893,0.176,-20.93,-6.264,40.721,3248.0,106.6,32.3,0.0,63.7,4,149510
2024-02-19 13:00:00,VEH_049,41.823591,-74.299576,78.16,-1.508,-0.289,0.069,16.086,6.848,-24.662,3365.0,111.2,16.1,0.0,63.4,4,151017
