timestamp,vehicle_id,engine_oil_temp_c,coolant_temp_c,transmission_temp_c,battery_voltage,engine_load_percent,intake_air_temp_c,mass_air_flow_rate,oxygen_sensor_voltage,catalytic_converter_temp_c,tire_pressure_fl,tire_pressure_fr,tire_pressure_rl,tire_pressure_rr,brake_fluid_level,windshield_washer_level
2024-01-01 20:00:00,VEH_000,89.0,78.0,81.4,12.27,35.8,48.1,3.09,0.414,96.9,34.3,34.3,34.3,34.3,71.9,67.0
2024-01-08 06:00:00,VEH_000,98.9,97.2,92.0,12.64,45.4,81.1,3.12,0.248,147.3,32.6,32.6,32.6,32.6,94.9,28.5
2024-01-15 10:00:00,VEH_000,92.7,77.3,70.6,12.41,48.7,69.2,7.21,0.873,129.2,31.9,31.9,31.9,31.9,84.7,97.9
2024-01-22 20:00:00,VEH_000,84.3,84.4,81.9,12.95,35.7,42.1,2.08,0.19,85.2,34.8,34.8,34.8,34.8,94.4,36.7
2024-01-29 10:00:00,VEH_000,88.2,84.9,75.2,13.5,40.6,45.5,3.81,0.471,114.1,29.1,29.1,29.1,29.1,66.6,32.2
2024-02-05 08:00:00,VEH_000,83.9,86.6,71.9,14.06,19.1,42.7,5.42,0.767,82.3,29.0,29.0,29.0,29.0,85.2,77.0
2024-02-12 17:00:00,VEH_000,87.2,84.8,80.4,13.43,31.3,46.6,4.92,0.489,115.4,32.7,32.7,32.7,32.7,87.1,85.3
2024-02-19 12:00:00,VEH_000,85.4,85.0,76.8,13.01,32.0,39.5,7.36,0.434,112.4,32.0,32.0,32.0,32.0,97.6,47.7
2024-01-01 20:00:00,VEH_001,88.0,71.7,70.1,12.46,28.6,46.6,3.32,0.827,105.1,32.6,32.6,32.6,32.6,93.7,72.6
2024-01-08 20:00:00,VEH_001,92.3,86.6,91.7,14.3,43.3,70.9,6.41,0.737,146.0,34.1,34.1,34.1,34.1,84.9,42.6
2024-01-15 19:00:00,VEH_001,98.3,93.8,74.0,12.48,42.6,47.9,4.5,0.895,115.9,30.3,30.3,30.3,30.3,61.9,21.5
2024-01-22 10:00:00,VEH_001,88.4,77.0,65.0,13.99,30.8,37.7,2.38,0.444,119.9,29.7,29.7,29.7,29.7,69.0,40.6
2024-01-29 12:00:00,VEH_001,93.5,86.9,71.0,14.11,23.3,49.5,6.14,0.512,137.0,33.2,33.2,33.2,33.2,97.1,55.0
2024-02-05 12:00:00,VEH_001,94.7,96.7,72.9,12.25,57.5,74.7,7.68,0.759,99.4,29.6,29.6,29.6,29.6,85.2,89.7
2024-02-12 16:00:00,VEH_001,97.3,81.1,76.6,13.06,18.3,71.4,2.6,0.618,114.3,29.8,29.8,29.8,29.8,93.9,55.1
2024-02-19 11:00:00,VEH_001,86.3,87.7,69.8,13.94,51.0,58.3,2.51,0.398,131.5,31.2,31.2,31.2,31.2,86.6,32.1
2024-01-01 15:00:00,VEH_002,99.2,89.7,77.8,13.92,27.9,60.8,4.75,0.782,146.6,31.2,31.2,31.2,31.2,61.2,31.6
2024-01-08 16:00:00,VEH_002,82.7,88.8,91.1,12.2,40.0,77.7,2.99,0.149,132.3,33.0,33.0,33.0,33.0,85.7,92.2
2024-01-15 08:00:00,VEH_002,79.5,81.9,81.0,13.58,25.4,47.7,4.41,0.645,115.1,30.8,30.8,30.8,30.8,89.7,92.7
2024-01-22 11:00:00,VEH_002,78.6,74.5,75.1,14.21,22.6,53.5,3.23,0.536,128.7,32.9,32.9,32.9,32.9,87.9,91.0
2024-01-29 17:00:00,VEH_002,90.7,81.1,69.0,12.72,7.1,51.9,6.35,0.692,94.7,35.0,35.0,35.0,35.0,71.4,27.4
2024-02-05 11:00:00,VEH_002,90.2,85.2,87.5,12.38,13.5,71.7,5.56,0.293,136.1,33.4,33.4,33.4,33.4,99.5,28.8
2024-02-12 08:00:00,VEH_002,85.9,82.7,84.0,12.85,11.4,66.2,2.75,0.338,134.6,31.7,31.7,31.7,31.7,99.3,84.4
2024-02-19 07:00:00,VEH_002,86.8,78.7,84.6,13.51,29.6,58.4,4.1,0.328,126.3,33.3,33.3,33.3,33.3,86.9,77.1
2024-01-01 10:00:00,VEH_003,85.2,75.2,70.4,13.4,35.8,51.1,2.59,0.669,133.0,29.5,29.5,29.5,29.5,62.5,91.1
2024-01-08 17:00:00,VEH_003,97.3,91.1,82.8,13.26,37.2,65.8,4.37,0.311,130.0,31.5,31.5,31.5,31.5,77.6,94.5
2024-01-15 20:00:00,VEH_003,88.1,92.8,88.1,12.35,19.3,67.2,2.78,0.664,139.4,29.7,29.7,29.7,29.7,68.5,57.9
2024-01-22 06:00:00,VEH_003,95.3,96.6,78.6,14.28,46.0,58.3,2.73,0.557,96.3,29.9,29.9,29.9,29.9,74.9,99.3
2024-01-29 20:00:00,VEH_003,85.5,82.3,86.5,12.34,38.7,40.3,7.37,0.811,99.6,33.9,33.9,33.9,33.9,79.6,29.8
2024-02-05 14:00:00,VEH_003,79.5,83.9,69.5,13.38,27.6,70.0,6.69,0.48,121.2,32.6,32.6,32.6,32.6,90.5,60.4
2024-02-12 18:00:00,VEH_003,91.5,85.8,80.2,14.08,18.9,73.3,5.99,0.428,106.5,31.4,31.4,31.4,31.4,81.6,96.6
2024-02-19 13:00:00,VEH_003,93.3,89.1,83.8,14.08,29.3,62.5,6.78,0.666,122.8,29.7,29.7,29.7,29.7,82.4,35.4
2024-01-01 19:00:00,VEH_004,97.4,92.4,72.1,13.37,45.8,63.2,7.38,0.196,154.5,30.1,30.1,30.1,30.1,60.8,82.9
2024-01-08 18:00:00,VEH_004,92.7,94.0,96.3,13.07,46.4,67.8,4.41,0.136,148.7,29.1,29.1,29.1,29.1,77.5,53.2
2024-01-15 08:00:00,VEH_004,94.9,82.6,73.9,12.28,34.5,47.6,2.86,0.304,97.2,30.8,30.8,30.8,30.8,76.3,33.5
2024-01-22 15:00:00,VEH_004,97.3,87.3,71.3,12.14,40.3,56.9,4.48,0.359,120.7,34.0,34.0,34.0,34.0,64.8,36.2
2024-01-29 07:00:00,VEH_004,85.8,80.3,73.8,13.81,39.3,40.1,2.36,0.472,105.4,31.9,31.9,31.9,31.9,76.3,38.7
2024-02-05 08:00:00,VEH_004,95.4,81.8,95.3,13.62,36.9,63.2,6.71,0.344,116.4,29.5,29.5,29.5,29.5,85.4,36.3
2024-02-12 13:00:00,VEH_004,103.9,91.1,102.7,13.88,33.5,63.1,7.47,0.461,102.3,31.8,31.8,31.8,31.8,93.2,43.1
2024-02-19 19:00:00,VEH_004,95.8,76.0,94.0,13.16,48.5,74.3,4.28,0.381,129.4,32.5,32.5,32.5,32.5,80.4,23.6
2024-01-01 10:00:00,VEH_005,94.7,88.5,76.1,12.95,48.0,47.1,5.34,0.324,119.0,32.7,32.7,32.7,32.7,98.3,45.5
2024-01-08 20:00:00,VEH_005,101.5,90.9,81.4,13.81,78.0,56.3,7.9,0.373,130.4,32.6,32.6,32.6,32.6,60.6,75.3
2024-01-15 16:00:00,VEH_005,98.3,81.5,85.4,14.16,69.9,61.1,7.37,0.663,144.9,32.2,32.2,32.2,32.2,91.5,71.9
2024-01-22 20:00:00,VEH_005,81.7,71.8,86.4,13.61,66.0,51.4,6.88,0.762,106.1,30.1,30.1,30.1,30.1,90.7,75.8
2024-01-29 13:00:00,VEH_005,94.4,93.0,101.3,13.07,55.3,47.0,3.69,0.837,123.8,29.5,29.5,29.5,29.5,84.5,44.3
2024-02-05 07:00:00,VEH_005,102.8,89.7,89.3,12.87,66.7,83.3,6.24,0.267,115.9,33.9,33.9,33.9,33.9,75.8,89.6
2024-02-12 18:00:00,VEH_005,101.2,94.8,90.9,13.58,53.2,74.3,5.39,0.152,111.7,29.4,29.4,29.4,29.4,70.4,65.6
2024-02-19 08:00:00,VEH_005,91.9,89.8,92.5,12.46,31.7,82.7,6.16,0.526,111.3,32.4,32.4,32.4,32.4,78.2,95.0
2024-01-01 20:00:00,VEH_006,91.6,94.0,66.7,14.25,28.2,79.9,3.64,0.644,118.2,31.2,31.2,31.2,31.2,90.4,90.7
2024-01-08 15:00:00,VEH_006,96.2,89.0,85.5,13.08,38.1,53.7,2.49,0.557,103.4,33.4,33.4,33.4,33.4,99.1,53.9
2024-01-15 12:00:00,VEH_006,91.7,85.6,75.2,12.75,39.7,47.8,4.88,0.746,133.5,32.8,32.8,32.8,32.8,73.4,40.0
2024-01-22 11:00:00,VEH_006,85.2,78.9,74.4,12.13,42.8,71.2,7.66,0.721,126.0,33.6,33.6,33.6,33.6,85.0,66.3
2024-01-29 11:00:00,VEH_006,85.8,76.1,65.9,12.75,35.2,42.5,2.77,0.835,116.4,30.8,30.8,30.8,30.8,85.0,25.3
2024-02-05 11:00:00,VEH_006,91.0,85.4,73.1,12.92,9.5,69.5,3.4,0.58,128.5,29.1,29.1,29.1,29.1,75.4,83.6
2024-02-12 07:00:00,VEH_006,93.3,86.9,74.7,14.25,43.7,57.8,3.97,0.254,95.4,32.6,32.6,32.6,32.6,62.7,83.2
2024-02-19 16:00:00,VEH_006,85.1,84.8,82.5,12.62,45.3,67.8,4.67,0.295,135.4,29.4,29.4,29.4,29.4,72.5,54.9
2024-01-01 19:00:00,VEH_007,93.4,89.0,73.3,14.12,36.1,45.1,3.85,0.374,110.6,29.0,29.0,29.0,29.0,83.5,74.3
2024-01-08 15:00:00,VEH_007,92.0,91.2,95.7,14.06,34.4,52.1,3.2,0.827,145.6,31.0,31.0,31.0,31.0,86.7,75.6
2024-01-15 20:00:00,VEH_007,90.4,82.8,71.0,13.39,63.3,61.7,4.51,0.23,111.4,33.7,33.7,33.7,33.7,61.7,37.6
2024-01-22 13:00:00,VEH_007,85.6,80.0,72.4,13.5,34.0,69.7,7.72,0.365,135.1,30.2,30.2,30.2,30.2,67.4,99.2
2024-01-29 19:00:00,VEH_007,94.2,81.7,70.9,12.28,33.7,51.5,5.51,0.712,100.1,29.2,29.2,29.2,29.2,67.9,33.9
2024-02-05 07:00:00,VEH_007,95.6,91.0,76.7,13.33,43.3,42.0,7.06,0.829,93.5,33.1,33.1,33.1,33.1,75.2,83.0
2024-02-12 18:00:00,VEH_007,87.7,95.3,75.6,12.58,40.1,67.5,7.65,0.882,152.0,34.3,34.3,34.3,34.3,95.1,25.2
2024-02-19 08:00:00,VEH_007,90.3,97.1,92.3,12.46,29.8,57.6,5.6,0.882,109.8,29.3,29.3,29.3,29.3,84.6,35.1
2024-01-01 09:00:00,VEH_008,88.9,89.4,73.6,12.13,26.1,74.0,7.11,0.875,141.2,30.3,30.3,30.3,30.3,63.3,57.7
2024-01-08 08:00:00,VEH_008,90.0,74.8,78.8,13.8,32.3,59.3,4.99,0.471,107.1,31.2,31.2,31.2,31.2,87.8,77.3
2024-01-15 09:00:00,VEH_008,95.8,85.9,82.2,14.21,32.1,45.4,3.32,0.262,149.6,31.4,31.4,31.4,31.4,72.2,91.1
2024-01-22 17:00:00,VEH_008,96.8,99.5,81.7,13.32,9.4,47.4,4.67,0.381,133.2,31.8,31.8,31.8,31.8,84.8,54.1
2024-01-29 12:00:00,VEH_008,83.1,77.0,83.3,12.76,5.1,42.8,3.4,0.616,102.8,29.5,29.5,29.5,29.5,93.7,61.0
2024-02-05 06:00:00,VEH_008,82.3,82.0,84.6,12.24,10.6,35.4,3.2,0.257,97.5,30.8,30.8,30.8,30.8,92.6,74.7
2024-02-12 09:00:00,VEH_008,82.3,83.9,90.1,14.4,21.0,65.9,7.47,0.107,100.6,33.9,33.9,33.9,33.9,91.3,52.3
2024-02-19 16:00:00,VEH_008,89.9,87.4,85.4,13.13,26.3,71.0,2.9,0.418,104.7,33.5,33.5,33.5,33.5,79.0,61.3
2024-01-01 13:00:00,VEH_009,96.4,93.5,89.8,13.11,23.3,54.9,3.13,0.716,136.6,30.3,30.3,30.3,30.3,78.0,64.7
2024-01-08 18:00:00,VEH_009,87.8,85.7,68.1,14.26,25.5,71.8,7.01,0.372,113.9,33.1,33.1,33.1,33.1,76.1,82.3
2024-01-15 18:00:00,VEH_009,86.5,77.9,62.3,13.88,39.8,43.6,7.72,0.364,122.6,32.6,32.6,32.6,32.6,84.3,89.4
2024-01-22 12:00:00,VEH_009,104.3,88.0,85.1,13.28,41.3,50.6,5.42,0.461,156.3,29.6,29.6,29.6,29.6,64.2,64.2
2024-01-29 11:00:00,VEH_009,86.3,89.7,80.5,12.45,23.8,79.2,3.7,0.286,130.9,29.4,29.4,29.4,29.4,62.3,61.5
2024-02-05 20:00:00,VEH_009,78.7,84.6,70.2,12.38,22.7,56.1,4.87,0.155,136.6,34.2,34.2,34.2,34.2,65.2,36.5
2024-02-12 11:00:00,VEH_009,83.3,83.5,73.9,13.45,48.9,59.5,5.01,0.648,98.5,29.0,29.0,29.0,29.0,65.7,25.1
2024-02-19 15:00:00,VEH_009,89.6,91.7,81.3,14.18,49.4,58.8,5.46,0.69,108.1,34.3,34.3,34.3,34.3,78.3,76.0
2024-01-01 08:00:00,VEH_010,85.5,74.7,77.6,13.94,31.9,45.6,7.4,0.687,108.7,34.5,34.5,34.5,34.5,67.3,65.5
2024-01-08 14:00:00,VEH_010,89.6,94.5,72.8,14.09,35.9,65.5,3.75,0.833,132.7,33.3,33.3,33.3,33.3,68.7,59.5
2024-01-15 11:00:00,VEH_010,99.7,90.6,99.1,12.18,43.0,73.8,3.96,0.461,111.5,32.0,32.0,32.0,32.0,78.5,25.9
2024-01-22 10:00:00,VEH_010,93.2,91.2,77.6,13.79,49.0,56.7,2.06,0.192,146.7,31.0,31.0,31.0,31.0,89.9,58.8
2024-01-29 12:00:00,VEH_010,79.6,80.2,66.8,14.28,36.3,68.7,7.05,0.236,82.9,29.6,29.6,29.6,29.6,71.8,62.8
2024-02-05 20:00:00,VEH_010,82.2,70.2,81.9,13.63,47.5,49.8,3.3,0.128,121.5,30.3,30.3,30.3,30.3,87.9,86.9
2024-02-12 15:00:00,VEH_010,98.0,92.4,90.8,14.15,35.4,55.6,2.31,0.104,142.8,33.6,33.6,33.6,33.6,97.2,50.0
2024-02-19 12:00:00,VEH_010,85.6,75.1,76.1,14.37,37.9,46.5,6.01,0.276,140.5,33.8,33.8,33.8,33.8,93.2,33.4
2024-01-01 06:00:00,VEH_011,91.5,87.9,72.6,12.79,52.2,50.8,3.24,0.533,152.8,29.7,29.7,29.7,29.7,68.6,48.5
2024-01-08 15:00:00,VEH_011,93.3,89.2,80.3,12.93,63.6,47.0,6.89,0.62,120.9,29.4,29.4,29.4,29.4,68.7,44.1
2024-01-15 06:00:00,VEH_011,103.0,106.1,78.8,13.29,69.4,82.1,3.03,0.867,142.1,34.9,34.9,34.9,34.9,87.9,74.2
2024-01-22 15:00:00,VEH_011,98.7,92.6,78.5,13.52,73.4,55.4,7.11,0.486,115.4,32.7,32.7,32.7,32.7,83.4,50.6
2024-01-29 16:00:00,VEH_011,91.0,79.3,82.3,14.37,55.6,64.4,7.38,0.347,133.8,33.5,33.5,33.5,33.5,84.8,24.8
2024-02-05 17:00:00,VEH_011,88.7,80.9,69.6,12.49,51.0,76.9,5.59,0.857,134.4,31.0,31.0,31.0,31.0,71.1,71.5
2024-02-12 10:00:00,VEH_011,97.5,90.0,98.6,13.56,50.1,44.2,7.08,0.365,111.0,32.2,32.2,32.2,32.2,96.3,73.2
2024-02-19 20:00:00,VEH_011,84.1,85.5,83.5,13.46,60.3,50.6,4.65,0.105,137.6,29.4,29.4,29.4,29.4,67.7,70.7
2024-01-01 08:00:00,VEH_012,100.3,92.2,80.1,13.42,86.6,86.5,3.42,0.163,152.0,30.9,30.9,30.9,30.9,88.9,39.6
2024-01-08 16:00:00,VEH_012,95.0,87.7,80.8,13.08,82.7,56.3,6.69,0.164,159.3,31.4,31.4,31.4,31.4,66.7,55.3
2024-01-15 19:00:00,VEH_012,103.6,102.4,99.8,13.97,80.5,49.8,4.29,0.783,153.5,34.5,34.5,34.5,34.5,83.8,32.2
2024-01-22 06:00:00,VEH_012,104.7,91.9,89.9,13.09,73.3,72.5,2.43,0.209,134.7,29.9,29.9,29.9,29.9,67.6,21.0
2024-01-29 13:00:00,VEH_012,91.5,91.0,81.1,14.22,84.3,79.8,4.24,0.492,130.5,32.5,32.5,32.5,32.5,76.4,23.1
2024-02-05 07:00:00,VEH_012,95.4,83.8,83.0,12.47,78.7,51.0,7.48,0.678,122.1,31.9,31.9,31.9,31.9,87.5,75.7
2024-02-12 06:00:00,VEH_012,94.8,96.7,90.0,12.58,51.7,74.7,5.79,0.641,136.3,32.9,32.9,32.9,32.9,70.5,56.4
2024-02-19 08:00:00,VEH_012,107.8,95.2,97.3,14.28,86.8,51.2,6.63,0.616,166.4,31.4,31.4,31.4,31.4,83.4,92.1
2024-01-01 14:00:00,VEH_013,97.9,86.1,84.6,13.99,75.1,57.2,7.81,0.627,123.3,30.8,30.8,30.8,30.8,76.5,90.1
2024-01-08 07:00:00,VEH_013,98.9,83.1,90.0,13.86,76.9,50.1,6.49,0.844,122.8,30.8,30.8,30.8,30.8,99.5,85.3
2024-01-15 06:00:00,VEH_013,86.1,77.4,86.8,13.26,78.1,70.0,3.02,0.4,133.7,30.2,30.2,30.2,30.2,67.3,95.9
2024-01-22 20:00:00,VEH_013,98.8,100.0,78.8,12.14,64.2,76.5,3.56,0.822,126.9,32.8,32.8,32.8,32.8,85.0,89.5
2024-01-29 17:00:00,VEH_013,87.8,82.0,77.4,12.66,59.6,64.2,4.87,0.638,97.6,29.4,29.4,29.4,29.4,90.1,20.6
2024-02-05 16:00:00,VEH_013,103.1,106.3,78.8,13.25,54.9,72.3,7.92,0.709,162.2,31.8,31.8,31.8,31.8,73.5,54.4
2024-02-12 09:00:00,VEH_013,90.7,94.7,96.7,13.96,87.1,67.9,4.27,0.146,114.0,31.0,31.0,31.0,31.0,64.0,56.6
2024-02-19 11:00:00,VEH_013,96.7,93.9,95.8,12.33,82.0,77.9,3.68,0.659,145.1,31.2,31.2,31.2,31.2,84.7,72.7
2024-01-01 10:00:00,VEH_014,92.1,85.5,72.7,14.37,61.1,74.1,2.1,0.388,95.9,33.8,33.8,33.8,33.8,73.0,55.5
2024-01-08 16:00:00,VEH_014,81.7,74.2,75.1,12.2,23.9,71.0,7.59,0.889,128.9,34.4,34.4,34.4,34.4,89.4,43.5
2024-01-15 14:00:00,VEH_014,93.7,84.2,86.6,13.37,36.6,64.7,2.77,0.737,117.1,33.0,33.0,33.0,33.0,81.9,90.0
2024-01-22 11:00:00,VEH_014,88.5,85.6,70.1,13.59,19.8,49.7,6.52,0.628,97.8,31.6,31.6,31.6,31.6,88.6,32.8
2024-01-29 13:00:00,VEH_014,101.2,99.6,94.1,12.53,23.0,63.7,7.39,0.198,107.4,32.2,32.2,32.2,32.2,89.0,27.2
2024-02-05 16:00:00,VEH_014,84.0,85.0,85.9,13.84,38.1,60.5,4.26,0.674,123.6,31.3,31.3,31.3,31.3,85.7,65.0
2024-02-12 17:00:00,VEH_014,91.9,89.6,70.3,12.28,39.0,42.5,6.44,0.85,132.5,29.7,29.7,29.7,29.7,74.7,88.3
2024-02-19 09:00:00,VEH_014,98.4,90.2,68.5,12.15,37.8,76.5,7.88,0.356,117.1,33.1,33.1,33.1,33.1,91.9,61.6
2024-01-01 07:00:00,VEH_015,96.0,84.1,81.3,13.29,59.8,49.1,7.66,0.77,126.6,31.7,31.7,31.7,31.7,84.1,31.7
2024-01-08 06:00:00,VEH_015,88.7,88.2,83.4,13.44,48.6,77.6,2.74,0.897,128.4,31.9,31.9,31.9,31.9,93.1,59.6
2024-01-15 10:00:00,VEH_015,88.5,79.2,91.3,12.8,68.6,46.1,6.4,0.748,127.3,29.3,29.3,29.3,29.3,94.6,34.3
2024-01-22 16:00:00,VEH_015,102.2,94.5,105.5,13.58,68.7,87.9,5.29,0.37,147.1,34.9,34.9,34.9,34.9,90.3,51.3
2024-01-29 18:00:00,VEH_015,103.1,92.8,97.3,12.47,72.2,64.3,2.79,0.702,142.0,33.8,33.8,33.8,33.8,94.0,76.8
2024-02-05 16:00:00,VEH_015,102.0,90.0,80.2,13.67,55.7,54.1,3.31,0.699,150.7,29.1,29.1,29.1,29.1,89.0,66.1
2024-02-12 17:00:00,VEH_015,99.4,102.0,76.2,14.28,67.3,78.8,7.56,0.177,158.6,30.1,30.1,30.1,30.1,62.1,98.4
2024-02-19 07:00:00,VEH_015,101.0,95.8,102.5,13.5,62.8,47.7,3.45,0.491,143.9,34.7,34.7,34.7,34.7,86.1,50.0
2024-01-01 07:00:00,VEH_016,89.2,88.4,82.4,13.87,25.9,64.2,3.65,0.623,108.4,29.7,29.7,29.7,29.7,63.3,59.1
2024-01-08 16:00:00,VEH_016,98.4,91.6,71.7,13.38,47.5,55.4,6.47,0.735,109.9,31.9,31.9,31.9,31.9,85.8,54.7
2024-01-15 15:00:00,VEH_016,90.1,76.4,66.3,14.18,23.8,47.0,6.88,0.116,122.5,32.2,32.2,32.2,32.2,92.5,59.1
2024-01-22 15:00:00,VEH_016,96.0,92.2,91.6,13.9,10.5,74.0,7.79,0.818,108.6,32.6,32.6,32.6,32.6,67.2,64.4
2024-01-29 14:00:00,VEH_016,87.6,72.4,64.1,12.49,25.3,58.9,7.11,0.128,141.6,32.0,32.0,32.0,32.0,74.5,63.6
2024-02-05 13:00:00,VEH_016,91.5,96.0,67.0,12.72,64.4,62.3,6.7,0.627,119.7,32.5,32.5,32.5,32.5,87.8,61.8
2024-02-12 18:00:00,VEH_016,94.0,81.2,80.3,12.5,40.1,72.2,3.42,0.25,106.8,34.0,34.0,34.0,34.0,98.3,68.2
2024-02-19 16:00:00,VEH_016,94.6,89.2,75.5,13.49,41.1,55.2,4.29,0.823,124.0,29.5,29.5,29.5,29.5,70.2,54.0
2024-01-01 18:00:00,VEH_017,93.1,86.8,68.2,13.76,30.5,68.7,3.16,0.398,131.0,33.9,33.9,33.9,33.9,84.2,53.6
2024-01-08 12:00:00,VEH_017,92.8,100.8,83.6,12.06,38.4,47.3,2.75,0.188,131.3,29.4,29.4,29.4,29.4,85.6,49.0
2024-01-15 07:00:00,VEH_017,94.1,85.9,96.2,12.54,10.4,58.9,7.81,0.403,104.0,34.6,34.6,34.6,34.6,67.0,78.3
2024-01-22 17:00:00,VEH_017,93.2,96.3,84.2,13.27,32.6,78.0,5.31,0.586,150.6,30.0,30.0,30.0,30.0,97.9,51.2
2024-01-29 06:00:00,VEH_017,95.7,96.6,100.4,13.28,21.6,78.8,4.86,0.202,100.2,32.1,32.1,32.1,32.1,66.2,30.1
2024-02-05 07:00:00,VEH_017,91.0,91.8,68.6,13.74,36.0,69.8,3.49,0.587,135.4,30.1,30.1,30.1,30.1,99.4,83.9
2024-02-12 14:00:00,VEH_017,82.1,73.0,70.8,14.26,36.5,67.3,3.83,0.786,136.3,31.4,31.4,31.4,31.4,72.5,27.2
2024-02-19 08:00:00,VEH_017,78.1,82.4,86.5,12.4,5.4,64.6,5.32,0.494,132.3,34.8,34.8,34.8,34.8,77.0,60.7
2024-01-01 15:00:00,VEH_018,96.4,88.4,84.1,14.4,47.4,70.6,4.43,0.593,150.1,33.5,33.5,33.5,33.5,88.6,76.2
2024-01-08 12:00:00,VEH_018,95.6,82.9,90.0,14.28,53.3,77.3,5.17,0.587,130.6,34.8,34.8,34.8,34.8,87.0,90.6
2024-01-15 13:00:00,VEH_018,88.1,77.5,65.3,14.01,15.6,76.7,4.54,0.403,109.5,29.7,29.7,29.7,29.7,96.6,40.0
2024-01-22 08:00:00,VEH_018,96.4,96.0,73.9,12.72,32.7,52.5,6.43,0.555,111.1,30.8,30.8,30.8,30.8,97.3,71.4
2024-01-29 20:00:00,VEH_018,97.5,79.7,82.7,13.48,41.8,57.0,5.69,0.363,116.9,29.0,29.0,29.0,29.0,95.6,34.9
2024-02-05 19:00:00,VEH_018,91.0,79.3,81.9,12.2,38.9,47.8,2.74,0.49,102.6,32.9,32.9,32.9,32.9,69.0,51.6
2024-02-12 18:00:00,VEH_018,88.5,84.1,70.9,13.95,39.9,57.9,7.04,0.229,111.9,31.6,31.6,31.6,31.6,74.4,89.6
2024-02-19 12:00:00,VEH_018,81.0,73.1,60.8,12.95,45.7,72.0,2.96,0.259,110.7,33.0,33.0,33.0,33.0,70.6,53.7
2024-01-01 19:00:00,VEH_019,84.8,85.6,81.4,12.78,35.2,71.5,5.01,0.839,133.0,31.3,31.3,31.3,31.3,64.4,28.6
2024-01-08 06:00:00,VEH_019,89.1,81.8,83.4,13.84,17.8,69.7,4.05,0.881,139.4,31.6,31.6,31.6,31.6,71.6,58.9
2024-01-15 08:00:00,VEH_019,101.8,88.6,77.7,13.23,27.0,76.8,7.19,0.895,117.1,33.9,33.9,33.9,33.9,67.9,76.5
2024-01-22 08:00:00,VEH_019,87.4,83.7,75.0,12.43,36.1,59.9,5.81,0.284,90.4,29.2,29.2,29.2,29.2,99.6,94.3
2024-01-29 11:00:00,VEH_019,83.9,82.2,62.9,12.12,29.8,48.7,5.8,0.285,103.0,31.9,31.9,31.9,31.9,80.4,71.5
2024-02-05 12:00:00,VEH_019,90.7,82.9,75.8,12.84,23.5,54.6,2.29,0.133,96.7,33.5,33.5,33.5,33.5,68.5,57.8
2024-02-12 09:00:00,VEH_019,98.3,81.0,74.3,14.28,27.0,55.0,2.58,0.111,128.7,34.2,34.2,34.2,34.2,73.2,79.3
2024-02-19 18:00:00,VEH_019,79.1,81.6,72.4,12.89,24.0,42.0,4.3,0.81,85.1,33.5,33.5,33.5,33.5,64.8,66.9
2024-01-01 15:00:00,VEH_020,89.7,83.9,66.8,13.69,51.5,40.1,5.28,0.374,127.6,34.9,34.9,34.9,34.9,68.1,77.7
2024-01-08 11:00:00,VEH_020,78.3,72.1,75.2,12.61,55.9,69.4,7.44,0.88,134.2,31.7,31.7,31.7,31.7,88.7,92.9
2024-01-15 08:00:00,VEH_020,93.1,90.4,99.6,13.21,38.5,68.9,6.18,0.203,102.7,32.4,32.4,32.4,32.4,91.8,75.5
2024-01-22 17:00:00,VEH_020,100.7,90.8,92.9,14.09,57.4,52.1,6.5,0.407,147.8,31.4,31.4,31.4,31.4,70.9,34.7
2024-01-29 14:00:00,VEH_020,81.5,74.5,81.3,14.11,53.9,54.8,6.25,0.52,101.4,30.3,30.3,30.3,30.3,88.3,64.2
2024-02-05 16:00:00,VEH_020,90.2,79.2,75.3,12.09,39.0,77.7,7.56,0.316,142.1,32.9,32.9,32.9,32.9,70.0,85.9
2024-02-12 10:00:00,VEH_020,91.7,76.3,76.6,13.45,36.9,44.2,6.23,0.539,135.1,31.5,31.5,31.5,31.5,84.5,46.0
2024-02-19 08:00:00,VEH_020,90.9,96.3,94.4,12.53,46.4,50.6,7.83,0.53,155.8,33.7,33.7,33.7,33.7,91.2,28.5
2024-01-01 06:00:00,VEH_021,97.6,87.5,89.2,14.09,34.6,65.5,6.9,0.277,113.0,32.5,32.5,32.5,32.5,92.3,80.2
2024-01-08 10:00:00,VEH_021,93.2,85.9,92.7,12.88,30.1,48.2,3.09,0.248,150.6,30.1,30.1,30.1,30.1,79.6,78.4
2024-01-15 08:00:00,VEH_021,89.6,73.6,68.2,12.43,45.2,63.1,2.42,0.158,102.2,34.5,34.5,34.5,34.5,98.8,28.0
2024-01-22 10:00:00,VEH_021,82.8,82.5,82.6,13.45,33.2,35.8,6.96,0.711,118.7,29.3,29.3,29.3,29.3,69.9,26.7
2024-01-29 20:00:00,VEH_021,87.8,88.8,66.6,14.32,31.3,45.2,6.42,0.371,134.2,30.2,30.2,30.2,30.2,79.2,65.0
2024-02-05 19:00:00,VEH_021,89.6,78.4,75.1,12.37,40.6,67.8,5.76,0.198,139.7,29.6,29.6,29.6,29.6,71.9,60.9
2024-02-12 07:00:00,VEH_021,98.0,82.3,96.5,12.06,43.8,49.0,5.93,0.281,149.0,31.3,31.3,31.3,31.3,95.4,85.8
2024-02-19 12:00:00,VEH_021,92.6,84.5,74.1,12.24,53.8,58.6,5.69,0.195,154.0,34.5,34.5,34.5,34.5,95.8,68.4
2024-01-01 15:00:00,VEH_022,93.9,92.3,89.3,13.63,67.9,71.4,3.81,0.754,120.4,29.6,29.6,29.6,29.6,96.6,72.9
2024-01-08 20:00:00,VEH_022,102.5,98.9,93.6,12.18,47.6,82.8,2.89,0.625,120.1,31.3,31.3,31.3,31.3,88.9,82.8
2024-01-15 19:00:00,VEH_022,94.4,80.7,86.4,14.3,58.0,46.7,7.97,0.245,119.2,30.9,30.9,30.9,30.9,77.0,75.5
2024-01-22 18:00:00,VEH_022,91.1,92.7,76.8,13.93,62.4,51.2,4.51,0.498,124.7,32.2,32.2,32.2,32.2,92.9,50.8
2024-01-29 09:00:00,VEH_022,101.2,93.3,91.6,13.66,59.6,75.1,3.41,0.102,163.6,29.1,29.1,29.1,29.1,82.3,96.6
2024-02-05 09:00:00,VEH_022,104.2,85.6,84.4,14.04,80.4,79.4,3.77,0.215,154.5,34.8,34.8,34.8,34.8,96.5,39.4
2024-02-12 17:00:00,VEH_022,100.7,83.1,75.7,14.31,62.3,60.0,2.16,0.872,122.1,33.2,33.2,33.2,33.2,86.5,25.9
2024-02-19 14:00:00,VEH_022,103.6,102.1,75.0,12.88,49.7,49.9,5.42,0.751,112.7,30.1,30.1,30.1,30.1,89.7,79.8
2024-01-01 19:00:00,VEH_023,87.3,76.6,73.2,12.81,29.1,64.7,3.72,0.225,136.6,29.2,29.2,29.2,29.2,90.0,60.3
2024-01-08 17:00:00,VEH_023,91.4,97.6,91.0,14.1,28.9,77.4,7.51,0.501,141.0,31.5,31.5,31.5,31.5,66.3,97.8
2024-01-15 20:00:00,VEH_023,93.9,98.0,72.0,12.51,21.3,51.2,3.1,0.697,128.5,34.1,34.1,34.1,34.1,92.7,57.5
2024-01-22 15:00:00,VEH_023,93.6,93.0,94.7,12.4,31.3,69.5,3.17,0.187,102.0,32.6,32.6,32.6,32.6,93.9,22.2
2024-01-29 19:00:00,VEH_023,82.8,81.1,62.5,13.43,35.7,49.0,5.31,0.611,85.2,30.6,30.6,30.6,30.6,99.1,65.2
2024-02-05 12:00:00,VEH_023,82.6,83.2,59.3,12.75,50.8,35.0,4.14,0.326,103.2,30.2,30.2,30.2,30.2,90.1,78.1
2024-02-12 10:00:00,VEH_023,98.2,92.4,71.0,12.98,40.0,46.4,6.84,0.22,129.9,31.3,31.3,31.3,31.3,83.5,88.2
2024-02-19 09:00:00,VEH_023,79.5,70.1,71.5,14.12,30.3,63.2,7.31,0.746,118.1,33.6,33.6,33.6,33.6,66.4,97.1
2024-01-01 15:00:00,VEH_024,98.4,97.3,91.8,14.23,76.8,76.9,4.03,0.388,152.3,31.6,31.6,31.6,31.6,95.6,81.9
2024-01-08 14:00:00,VEH_024,87.0,77.4,81.6,12.18,61.4,63.9,4.99,0.744,96.0,34.2,34.2,34.2,34.2,81.9,97.5
2024-01-15 08:00:00,VEH_024,104.6,87.9,78.3,12.75,77.9,54.3,3.68,0.391,111.1,30.1,30.1,30.1,30.1,90.9,40.6
2024-01-22 16:00:00,VEH_024,100.5,90.3,100.9,13.56,70.0,52.2,5.41,0.132,155.9,31.4,31.4,31.4,31.4,94.3,93.4
2024-01-29 11:00:00,VEH_024,102.1,97.3,104.4,14.28,77.5,77.8,5.04,0.31,163.7,33.1,33.1,33.1,33.1,84.8,71.5
2024-02-05 17:00:00,VEH_024,101.4,88.4,97.6,12.02,87.1,57.6,2.95,0.419,106.4,31.3,31.3,31.3,31.3,78.5,27.5
2024-02-12 07:00:00,VEH_024,98.3,96.0,99.7,13.12,59.7,75.0,7.5,0.838,147.6,30.2,30.2,30.2,30.2,73.1,45.4
2024-02-19 09:00:00,VEH_024,109.0,98.0,98.5,13.14,75.1,50.9,2.93,0.476,147.1,30.9,30.9,30.9,30.9,61.3,68.1
2024-01-01 10:00:00,VEH_025,101.9,106.1,87.5,13.03,79.5,50.9,7.21,0.862,148.5,30.6,30.6,30.6,30.6,85.4,26.7
2024-01-08 14:00:00,VEH_025,100.8,97.4,87.4,13.71,87.4,71.1,6.02,0.308,160.0,29.6,29.6,29.6,29.6,96.1,47.4
2024-01-15 17:00:00,VEH_025,93.8,79.5,76.6,13.01,64.7,68.4,2.96,0.657,113.0,33.2,33.2,33.2,33.2,75.6,20.8
2024-01-22 10:00:00,VEH_025,99.2,93.0,73.0,13.6,82.3,57.2,7.92,0.851,143.1,33.4,33.4,33.4,33.4,72.7,32.0
2024-01-29 13:00:00,VEH_025,99.5,87.3,99.7,12.27,89.4,62.9,5.12,0.103,130.2,34.0,34.0,34.0,34.0,65.0,55.9
2024-02-05 15:00:00,VEH_025,104.4,86.1,80.2,14.35,78.4,68.3,3.0,0.402,123.8,34.7,34.7,34.7,34.7,98.9,66.1
2024-02-12 09:00:00,VEH_025,93.9,99.5,73.2,14.15,80.0,80.5,6.2,0.619,129.0,31.5,31.5,31.5,31.5,74.1,63.4
2024-02-19 17:00:00,VEH_025,90.1,90.1,68.2,12.42,78.6,47.0,5.57,0.534,112.7,34.1,34.1,34.1,34.1,87.5,55.0
2024-01-01 18:00:00,VEH_026,85.9,85.6,91.1,14.06,47.0,71.0,2.62,0.62,124.5,31.5,31.5,31.5,31.5,79.9,80.1
2024-01-08 16:00:00,VEH_026,99.5,81.9,83.0,13.39,11.9,55.1,4.52,0.278,124.2,31.3,31.3,31.3,31.3,67.8,57.6
2024-01-15 09:00:00,VEH_026,88.0,96.1,94.0,12.99,41.7,69.4,6.45,0.106,114.9,30.3,30.3,30.3,30.3,71.3,90.4
2024-01-22 20:00:00,VEH_026,95.1,98.8,95.5,13.0,40.9,81.0,4.49,0.112,109.2,31.2,31.2,31.2,31.2,92.7,85.6
2024-01-29 12:00:00,VEH_026,98.7,89.0,100.7,14.38,21.8,84.1,3.16,0.616,150.0,33.8,33.8,33.8,33.8,83.1,30.3
2024-02-05 09:00:00,VEH_026,98.4,101.2,76.5,14.17,35.9,62.2,2.6,0.741,129.6,32.8,32.8,32.8,32.8,91.4,87.4
2024-02-12 11:00:00,VEH_026,95.1,83.8,84.9,14.28,13.0,46.3,4.62,0.603,130.6,29.2,29.2,29.2,29.2,88.3,93.6
2024-02-19 12:00:00,VEH_026,92.1,88.6,92.9,12.31,35.8,69.5,4.15,0.292,152.3,30.8,30.8,30.8,30.8,81.4,39.6
2024-01-01 11:00:00,VEH_027,97.5,95.1,92.3,13.58,41.0,80.5,5.76,0.611,131.0,29.6,29.6,29.6,29.6,78.4,67.7
2024-01-08 12:00:00,VEH_027,87.7,82.2,93.3,12.22,42.0,55.5,7.03,0.413,121.6,29.1,29.1,29.1,29.1,62.9,96.7
2024-01-15 19:00:00,VEH_027,89.4,92.1,79.5,12.75,33.6,74.7,3.08,0.108,105.5,32.4,32.4,32.4,32.4,84.3,22.5
2024-01-22 15:00:00,VEH_027,103.4,103.0,87.2,13.47,29.1,52.1,6.45,0.841,113.1,29.2,29.2,29.2,29.2,60.9,60.9
2024-01-29 11:00:00,VEH_027,83.4,89.4,65.6,12.52,23.9,46.7,6.37,0.852,101.9,31.9,31.9,31.9,31.9,98.1,47.9
2024-02-05 06:00:00,VEH_027,89.2,79.6,86.2,13.19,50.3,55.1,3.16,0.238,129.4,34.3,34.3,34.3,34.3,71.2,51.4
2024-02-12 19:00:00,VEH_027,100.2,99.2,82.7,13.91,64.5,65.8,7.3,0.439,147.3,33.9,33.9,33.9,33.9,84.9,68.6
2024-02-19 14:00:00,VEH_027,92.0,88.9,78.6,13.52,32.3,48.5,2.2,0.509,128.8,30.8,30.8,30.8,30.8,93.1,71.6
2024-01-01 19:00:00,VEH_028,102.2,89.2,72.6,12.43,28.6,76.7,4.15,0.158,139.5,31.2,31.2,31.2,31.2,91.2,29.8
2024-01-08 06:00:00,VEH_028,82.0,69.4,69.3,13.12,42.9,71.8,5.37,0.408,117.8,32.2,32.2,32.2,32.2,64.1,42.2
2024-01-15 16:00:00,VEH_028,97.9,99.1,96.9,12.18,41.5,61.4,6.54,0.354,118.3,30.2,30.2,30.2,30.2,92.1,59.9
2024-01-22 10:00:00,VEH_028,93.9,82.5,67.8,12.41,19.7,54.7,5.46,0.328,127.3,34.1,34.1,34.1,34.1,99.5,92.9
2024-01-29 08:00:00,VEH_028,97.5,100.9,85.6,14.15,55.4,48.0,5.87,0.156,108.5,33.8,33.8,33.8,33.8,88.9,42.0
2024-02-05 13:00:00,VEH_028,97.0,87.3,85.7,12.75,40.6,58.7,6.18,0.464,146.9,34.8,34.8,34.8,34.8,64.9,49.9
2024-02-12 14:00:00,VEH_028,95.5,79.7,70.3,12.02,19.5,55.8,6.13,0.449,106.0,30.1,30.1,30.1,30.1,96.1,49.5
2024-02-19 18:00:00,VEH_028,98.6,99.1,97.1,14.08,31.9,74.5,2.66,0.858,100.6,31.0,31.0,31.0,31.0,84.5,85.0
2024-01-01 09:00:00,VEH_029,88.4,79.1,69.8,13.11,23.2,75.0,6.52,0.81,148.9,31.5,31.5,31.5,31.5,77.9,29.8
2024-01-08 15:00:00,VEH_029,94.8,90.8,88.8,14.34,26.2,72.2,3.35,0.311,113.8,29.5,29.5,29.5,29.5,82.3,89.8
2024-01-15 12:00:00,VEH_029,90.5,88.7,70.2,12.19,51.2,41.7,2.08,0.273,137.7,30.1,30.1,30.1,30.1,64.2,36.7
2024-01-22 18:00:00,VEH_029,90.5,85.1,90.4,13.83,41.7,57.9,2.92,0.504,144.2,30.3,30.3,30.3,30.3,74.5,98.0
2024-01-29 08:00:00,VEH_029,92.6,84.2,87.4,12.45,11.2,45.8,3.84,0.796,127.5,29.9,29.9,29.9,29.9,95.0,79.6
2024-02-05 10:00:00,VEH_029,82.9,88.6,66.6,12.07,39.7,55.1,3.59,0.842,89.0,31.6,31.6,31.6,31.6,66.0,60.2
2024-02-12 12:00:00,VEH_029,97.5,83.0,79.7,12.23,33.2,74.2,4.54,0.335,124.0,32.6,32.6,32.6,32.6,81.2,59.5
2024-02-19 18:00:00,VEH_029,92.3,91.4,87.0,14.3,33.8,44.1,2.21,0.313,97.9,29.6,29.6,29.6,29.6,69.1,69.6
2024-01-01 10:00:00,VEH_030,99.5,89.8,74.6,13.76,49.4,55.7,3.23,0.729,120.7,30.7,30.7,30.7,30.7,83.9,78.7
2024-01-08 10:00:00,VEH_030,87.3,86.3,87.2,13.14,20.3,77.2,3.43,0.352,96.0,30.1,30.1,30.1,30.1,96.0,31.3
2024-01-15 11:00:00,VEH_030,81.7,81.3,72.0,12.43,25.4,40.8,6.08,0.782,121.1,34.8,34.8,34.8,34.8,83.3,59.1
2024-01-22 12:00:00,VEH_030,89.5,79.1,91.4,13.36,33.1,74.8,5.15,0.234,101.6,29.6,29.6,29.6,29.6,72.2,78.9
2024-01-29 15:00:00,VEH_030,87.5,87.7,92.9,12.62,29.4,53.2,2.08,0.382,129.8,34.3,34.3,34.3,34.3,91.0,88.6
2024-02-05 12:00:00,VEH_030,101.0,93.5,74.6,13.65,34.6,45.5,7.87,0.785,138.9,29.8,29.8,29.8,29.8,79.9,39.5
2024-02-12 12:00:00,VEH_030,86.2,88.6,70.3,13.79,17.9,74.1,5.83,0.872,134.3,33.1,33.1,33.1,33.1,96.0,55.9
2024-02-19 15:00:00,VEH_030,94.0,84.9,72.4,13.63,35.0,55.2,4.5,0.895,107.7,29.2,29.2,29.2,29.2,80.8,47.5
2024-01-01 20:00:00,VEH_031,91.5,84.0,79.0,14.32,65.8,51.8,7.82,0.499,131.6,31.8,31.8,31.8,31.8,66.0,97.3
2024-01-08 14:00:00,VEH_031,85.5,82.8,69.0,12.69,45.8,36.8,2.25,0.326,117.9,29.3,29.3,29.3,29.3,72.2,54.4
2024-01-15 18:00:00,VEH_031,93.8,77.1,74.5,12.84,47.1,75.8,5.99,0.715,102.2,29.5,29.5,29.5,29.5,70.8,99.7
2024-01-22 13:00:00,VEH_031,91.0,90.5,71.0,12.53,70.7,56.9,6.87,0.61,120.8,34.8,34.8,34.8,34.8,63.9,40.9
2024-01-29 18:00:00,VEH_031,86.9,80.1,80.9,13.63,49.2,62.3,6.1,0.26,96.6,32.3,32.3,32.3,32.3,72.0,26.8
2024-02-05 10:00:00,VEH_031,96.4,93.0,86.5,12.9,57.0,61.3,2.83,0.454,116.5,34.6,34.6,34.6,34.6,88.5,57.5
2024-02-12 18:00:00,VEH_031,86.1,80.4,74.5,12.07,66.5,76.2,4.53,0.705,122.7,30.8,30.8,30.8,30.8,69.7,61.0
2024-02-19 14:00:00,VEH_031,83.4,83.1,79.4,12.7,52.9,53.8,4.42,0.105,134.6,34.2,34.2,34.2,34.2,78.4,24.3
2024-01-01 08:00:00,VEH_032,90.0,95.8,88.5,12.8,19.1,54.6,4.89,0.365,99.7,33.4,33.4,33.4,33.4,87.0,79.1
2024-01-08 17:00:00,VEH_032,91.4,84.6,74.5,13.78,55.3,52.8,6.05,0.782,115.9,30.9,30.9,30.9,30.9,99.6,20.5
2024-01-15 16:00:00,VEH_032,96.7,95.2,74.5,12.0,51.9,49.4,2.58,0.263,127.5,34.0,34.0,34.0,34.0,77.8,24.5
2024-01-22 09:00:00,VEH_032,90.4,87.0,98.2,13.97,47.3,64.6,6.93,0.645,147.1,32.7,32.7,32.7,32.7,77.3,70.9
2024-01-29 13:00:00,VEH_032,88.1,92.6,85.8,12.41,41.0,62.7,4.86,0.332,131.7,34.8,34.8,34.8,34.8,79.7,73.4
2024-02-05 19:00:00,VEH_032,87.1,87.3,66.6,13.0,28.7,39.9,4.74,0.551,88.3,30.8,30.8,30.8,30.8,85.8,91.5
2024-02-12 11:00:00,VEH_032,94.3,78.8,95.0,14.31,34.7,71.0,3.66,0.885,115.7,34.1,34.1,34.1,34.1,80.1,47.9
2024-02-19 08:00:00,VEH_032,93.3,84.0,68.0,13.57,34.3,69.6,4.04,0.672,138.9,30.7,30.7,30.7,30.7,90.5,44.2
2024-01-01 16:00:00,VEH_033,86.1,90.6,81.8,12.9,18.9,64.4,5.46,0.842,132.7,32.2,32.2,32.2,32.2,65.2,45.9
2024-01-08 09:00:00,VEH_033,99.0,86.1,87.4,12.97,33.6,77.0,2.96,0.177,102.3,34.6,34.6,34.6,34.6,79.1,80.8
2024-01-15 12:00:00,VEH_033,92.9,89.4,85.3,12.57,43.0,45.7,7.35,0.705,112.7,29.4,29.4,29.4,29.4,84.5,29.2
2024-01-22 19:00:00,VEH_033,103.0,85.5,96.4,13.46,53.0,83.3,3.93,0.659,125.4,34.9,34.9,34.9,34.9,83.0,36.0
2024-01-29 10:00:00,VEH_033,94.5,90.3,79.7,12.48,23.0,77.2,6.85,0.254,134.2,32.8,32.8,32.8,32.8,86.7,36.3
2024-02-05 11:00:00,VEH_033,85.1,85.3,68.7,12.98,31.0,37.5,3.11,0.684,134.0,32.9,32.9,32.9,32.9,79.8,86.6
2024-02-12 16:00:00,VEH_033,97.7,91.1,81.8,13.48,39.8,50.2,2.4,0.442,121.9,29.4,29.4,29.4,29.4,63.1,82.6
2024-02-19 16:00:00,VEH_033,78.4,68.3,63.4,13.44,17.4,42.5,7.64,0.838,92.2,33.2,33.2,33.2,33.2,62.7,89.7
2024-01-01 18:00:00,VEH_034,94.1,76.0,81.8,14.05,31.7,59.6,4.4,0.145,131.1,29.7,29.7,29.7,29.7,78.8,93.4
2024-01-08 14:00:00,VEH_034,80.3,68.6,68.6,12.63,27.5,65.7,2.84,0.538,124.2,34.5,34.5,34.5,34.5,86.5,90.3
2024-01-15 08:00:00,VEH_034,84.7,73.9,91.0,14.17,50.9,68.8,2.21,0.885,143.4,32.6,32.6,32.6,32.6,84.5,26.4
2024-01-22 19:00:00,VEH_034,92.8,96.1,75.1,12.1,32.0,61.8,5.9,0.445,111.2,34.1,34.1,34.1,34.1,98.9,21.7
2024-01-29 16:00:00,VEH_034,89.2,93.9,92.5,13.28,43.7,69.7,6.43,0.542,97.9,33.6,33.6,33.6,33.6,87.8,54.4
2024-02-05 11:00:00,VEH_034,84.3,73.1,73.7,14.15,54.5,51.4,3.16,0.449,86.9,30.4,30.4,30.4,30.4,83.5,38.2
2024-02-12 06:00:00,VEH_034,95.0,95.1,91.0,13.36,50.4,42.3,6.32,0.75,98.0,29.8,29.8,29.8,29.8,67.2,23.5
2024-02-19 06:00:00,VEH_034,88.8,88.4,72.6,12.7,33.5,59.3,2.73,0.161,105.4,32.3,32.3,32.3,32.3,79.8,78.8
2024-01-01 11:00:00,VEH_035,96.8,101.0,78.9,13.71,56.3,76.7,3.76,0.623,132.5,30.6,30.6,30.6,30.6,87.9,60.3
2024-01-08 11:00:00,VEH_035,95.0,101.9,94.6,13.49,39.9,54.4,2.82,0.881,116.4,33.5,33.5,33.5,33.5,68.4,49.8
2024-01-15 07:00:00,VEH_035,87.3,72.3,89.1,13.68,61.6,54.3,2.69,0.499,84.2,30.7,30.7,30.7,30.7,75.4,86.2
2024-01-22 13:00:00,VEH_035,87.8,82.5,85.1,13.19,27.1,56.7,2.27,0.265,103.7,31.6,31.6,31.6,31.6,62.1,44.4
2024-01-29 13:00:00,VEH_035,93.4,84.8,68.4,13.46,56.6,78.9,7.44,0.748,129.4,33.5,33.5,33.5,33.5,73.6,86.3
2024-02-05 06:00:00,VEH_035,84.6,79.0,82.6,13.76,27.1,41.2,4.33,0.677,124.3,34.2,34.2,34.2,34.2,97.5,57.1
2024-02-12 14:00:00,VEH_035,92.1,87.6,81.8,12.39,27.3,70.7,7.55,0.205,92.7,33.8,33.8,33.8,33.8,98.0,26.8
2024-02-19 13:00:00,VEH_035,91.0,89.2,78.2,12.95,51.6,56.8,5.96,0.726,143.3,32.6,32.6,32.6,32.6,65.0,65.5
2024-01-01 18:00:00,VEH_036,89.6,81.7,71.6,13.11,63.5,59.6,7.8,0.484,142.6,30.3,30.3,30.3,30.3,62.3,95.1
2024-01-08 06:00:00,VEH_036,87.9,87.3,74.5,12.15,35.4,70.7,3.66,0.795,97.8,32.8,32.8,32.8,32.8,65.9,69.4
2024-01-15 09:00:00,VEH_036,95.5,86.7,75.0,13.64,53.1,69.9,2.25,0.674,107.0,33.3,33.3,33.3,33.3,70.4,40.6
2024-01-22 15:00:00,VEH_036,91.3,91.7,75.2,13.72,49.3,53.7,2.46,0.455,120.1,30.4,30.4,30.4,30.4,73.0,49.7
2024-01-29 11:00:00,VEH_036,96.3,86.2,87.0,14.1,47.9,55.1,6.73,0.368,118.6,32.9,32.9,32.9,32.9,78.8,97.9
2024-02-05 15:00:00,VEH_036,97.3,84.0,71.8,14.23,51.8,45.1,5.65,0.746,128.8,33.7,33.7,33.7,33.7,80.3,66.5
2024-02-12 15:00:00,VEH_036,94.7,85.2,95.4,12.08,42.1,59.4,7.99,0.163,102.9,34.6,34.6,34.6,34.6,69.0,60.3
2024-02-19 15:00:00,VEH_036,93.1,88.2,79.6,13.76,44.7,62.7,2.31,0.478,124.6,31.6,31.6,31.6,31.6,70.8,86.9
2024-01-01 20:00:00,VEH_037,91.4,83.2,75.4,13.84,24.1,60.6,6.49,0.192,109.1,33.4,33.4,33.4,33.4,95.2,49.0
2024-01-08 14:00:00,VEH_037,78.4,75.6,83.5,13.57,19.0,51.2,4.51,0.555,126.2,29.8,29.8,29.8,29.8,81.5,82.1
2024-01-15 08:00:00,VEH_037,83.3,81.3,64.0,12.62,32.1,48.7,2.49,0.437,141.3,32.5,32.5,32.5,32.5,85.3,81.8
2024-01-22 14:00:00,VEH_037,96.7,95.1,67.9,12.29,23.1,64.0,7.58,0.694,101.2,29.2,29.2,29.2,29.2,77.3,75.2
2024-01-29 06:00:00,VEH_037,87.8,70.9,84.7,14.2,31.8,49.4,4.41,0.546,123.2,29.7,29.7,29.7,29.7,95.9,91.9
2024-02-05 14:00:00,VEH_037,89.0,85.5,93.1,12.11,34.6,52.9,4.69,0.427,114.5,34.0,34.0,34.0,34.0,71.6,58.2
2024-02-12 17:00:00,VEH_037,89.3,81.5,90.6,14.2,40.4,45.3,7.37,0.575,116.2,32.9,32.9,32.9,32.9,75.2,55.1
2024-02-19 07:00:00,VEH_037,96.8,93.1,99.3,12.23,26.7,58.1,5.38,0.818,133.8,34.1,34.1,34.1,34.1,77.1,45.8
2024-01-01 11:00:00,VEH_038,91.8,82.0,72.5,13.95,29.1,82.0,3.26,0.515,129.3,32.7,32.7,32.7,32.7,64.0,42.8
2024-01-08 15:00:00,VEH_038,95.6,89.4,86.6,14.12,38.2,83.0,7.93,0.703,158.1,33.0,33.0,33.0,33.0,65.6,36.5
2024-01-15 15:00:00,VEH_038,93.1,89.8,65.6,14.17,54.6,61.4,6.79,0.105,139.6,29.2,29.2,29.2,29.2,68.1,95.3
2024-01-22 09:00:00,VEH_038,94.3,93.0,83.8,13.99,47.2,46.8,6.24,0.776,121.5,31.6,31.6,31.6,31.6,70.5,89.2
2024-01-29 16:00:00,VEH_038,104.2,98.4,76.7,12.85,25.7,77.9,6.36,0.362,132.8,30.7,30.7,30.7,30.7,85.2,61.0
2024-02-05 14:00:00,VEH_038,92.3,88.7,74.0,14.22,53.9,77.0,6.77,0.354,139.9,33.0,33.0,33.0,33.0,95.1,22.9
2024-02-12 19:00:00,VEH_038,81.6,66.0,60.5,12.9,34.0,60.5,3.59,0.221,125.9,33.4,33.4,33.4,33.4,71.3,35.9
2024-02-19 13:00:00,VEH_038,94.9,95.1,91.8,13.8,39.4,43.5,5.35,0.267,102.2,31.5,31.5,31.5,31.5,70.5,50.4
2024-01-01 12:00:00,VEH_039,96.6,93.2,84.6,13.58,13.6,55.8,3.39,0.334,126.8,33.8,33.8,33.8,33.8,75.7,48.6
2024-01-08 20:00:00,VEH_039,90.8,77.9,69.3,14.11,27.4,52.2,7.82,0.36,131.1,29.7,29.7,29.7,29.7,78.6,45.5
2024-01-15 12:00:00,VEH_039,89.6,92.3,89.3,13.86,22.2,74.5,4.94,0.43,108.8,30.7,30.7,30.7,30.7,80.3,91.2
2024-01-22 15:00:00,VEH_039,86.5,70.3,82.6,12.63,19.6,51.5,4.65,0.419,136.3,30.6,30.6,30.6,30.6,89.1,47.2
2024-01-29 10:00:00,VEH_039,92.8,80.8,77.0,13.37,10.1,48.0,5.75,0.858,126.3,31.0,31.0,31.0,31.0,84.2,21.6
2024-02-05 09:00:00,VEH_039,89.3,88.2,65.1,13.69,18.8,68.7,5.32,0.624,117.2,31.2,31.2,31.2,31.2,67.9,32.6
2024-02-12 19:00:00,VEH_039,83.2,85.5,65.6,13.92,48.3,48.5,3.29,0.687,136.9,29.2,29.2,29.2,29.2,60.8,95.2
2024-02-19 10:00:00,VEH_039,90.3,87.0,83.3,12.38,32.8,52.0,6.63,0.298,112.0,29.7,29.7,29.7,29.7,91.4,72.4
2024-01-01 06:00:00,VEH_040,90.4,93.6,76.7,12.2,45.2,71.6,6.57,0.432,96.3,34.0,34.0,34.0,34.0,84.2,32.1
2024-01-08 07:00:00,VEH_040,85.6,84.5,64.8,13.45,33.8,48.4,5.07,0.119,97.4,30.2,30.2,30.2,30.2,70.6,72.5
2024-01-15 12:00:00,VEH_040,90.1,81.2,68.1,14.32,57.1,59.6,7.45,0.527,105.2,29.1,29.1,29.1,29.1,79.9,51.5
2024-01-22 15:00:00,VEH_040,86.5,83.8,66.2,12.54,26.9,54.4,3.39,0.396,120.8,32.9,32.9,32.9,32.9,73.3,84.8
2024-01-29 08:00:00,VEH_040,84.2,67.0,60.7,14.08,19.8,43.0,2.85,0.593,104.4,33.3,33.3,33.3,33.3,82.7,38.6
2024-02-05 06:00:00,VEH_040,91.5,78.9,73.3,12.81,42.1,52.1,5.39,0.425,88.8,33.1,33.1,33.1,33.1,90.2,83.6
2024-02-12 16:00:00,VEH_040,97.3,87.7,90.6,12.77,57.9,65.1,7.15,0.894,104.0,29.6,29.6,29.6,29.6,88.0,50.1
2024-02-19 13:00:00,VEH_040,85.5,71.6,81.2,12.4,48.0,74.2,2.23,0.439,90.9,33.8,33.8,33.8,33.8,79.5,79.9
2024-01-01 13:00:00,VEH_041,82.4,75.3,66.7,13.05,29.1,71.5,6.06,0.518,116.1,31.2,31.2,31.2,31.2,86.0,31.3
2024-01-08 10:00:00,VEH_041,93.2,81.9,86.1,13.71,37.5,52.0,4.78,0.849,149.6,33.3,33.3,33.3,33.3,94.1,30.8
2024-01-15 15:00:00,VEH_041,96.3,97.3,70.7,13.0,31.2,46.7,7.86,0.349,109.3,33.2,33.2,33.2,33.2,81.5,46.5
2024-01-22 19:00:00,VEH_041,86.7,85.4,70.7,12.84,34.6,49.8,5.77,0.842,107.9,33.9,33.9,33.9,33.9,94.7,66.8
2024-01-29 14:00:00,VEH_041,93.3,92.4,81.7,12.61,30.0,69.9,2.46,0.222,140.8,30.7,30.7,30.7,30.7,70.5,28.2
2024-02-05 11:00:00,VEH_041,86.8,81.0,82.5,12.79,35.0,59.6,3.66,0.746,134.1,33.0,33.0,33.0,33.0,78.9,33.4
2024-02-12 10:00:00,VEH_041,93.2,95.1,68.1,13.93,32.2,46.8,7.25,0.359,144.2,29.3,29.3,29.3,29.3,80.5,55.2
2024-02-19 09:00:00,VEH_041,90.5,80.4,79.0,12.28,34.7,54.3,4.31,0.48,107.1,32.1,32.1,32.1,32.1,81.2,90.7
2024-01-01 09:00:00,VEH_042,90.3,91.1,90.6,14.0,25.7,71.5,5.36,0.492,133.1,33.1,33.1,33.1,33.1,82.3,54.8
2024-01-08 20:00:00,VEH_042,94.0,80.7,80.9,13.12,28.8,72.8,3.28,0.548,157.2,34.6,34.6,34.6,34.6,75.3,34.3
2024-01-15 08:00:00,VEH_042,88.7,71.6,74.9,13.26,3.4,49.9,2.56,0.395,100.2,34.5,34.5,34.5,34.5,84.3,22.7
2024-01-22 17:00:00,VEH_042,85.1,82.1,64.0,13.67,21.8,63.3,7.83,0.759,138.3,34.6,34.6,34.6,34.6,99.9,70.6
2024-01-29 18:00:00,VEH_042,85.2,80.0,87.1,13.8,33.7,38.4,2.17,0.815,93.0,33.4,33.4,33.4,33.4,94.8,30.5
2024-02-05 20:00:00,VEH_042,79.8,83.1,58.4,13.53,19.9,37.7,5.26,0.887,89.2,32.7,32.7,32.7,32.7,60.7,87.0
2024-02-12 09:00:00,VEH_042,89.8,77.8,83.0,14.17,30.6,75.3,5.1,0.852,109.3,34.0,34.0,34.0,34.0,86.8,25.2
2024-02-19 14:00:00,VEH_042,95.7,87.3,89.0,12.2,30.5,52.6,3.19,0.504,103.6,33.5,33.5,33.5,33.5,93.5,20.3
2024-01-01 07:00:00,VEH_043,83.9,78.4,71.8,13.36,29.9,60.1,4.78,0.193,90.3,33.4,33.4,33.4,33.4,67.4,67.3
2024-01-08 09:00:00,VEH_043,95.5,91.1,89.4,12.52,20.1,43.8,6.35,0.297,141.3,32.9,32.9,32.9,32.9,96.1,35.3
2024-01-15 18:00:00,VEH_043,86.8,72.2,61.5,13.69,7.5,41.8,3.89,0.281,93.6,34.3,34.3,34.3,34.3,67.1,43.6
2024-01-22 17:00:00,VEH_043,87.5,76.0,75.7,13.39,22.3,62.7,4.7,0.605,133.9,29.2,29.2,29.2,29.2,93.4,50.9
2024-01-29 10:00:00,VEH_043,99.5,87.8,94.1,12.83,46.7,77.9,3.24,0.66,132.3,34.0,34.0,34.0,34.0,91.8,27.3
2024-02-05 15:00:00,VEH_043,84.4,72.3,71.6,12.08,17.4,60.8,3.12,0.212,114.0,31.2,31.2,31.2,31.2,75.1,67.1
2024-02-12 06:00:00,VEH_043,90.8,94.2,88.8,14.09,15.8,60.5,4.01,0.618,103.3,34.5,34.5,34.5,34.5,72.3,57.3
2024-02-19 20:00:00,VEH_043,83.3,72.0,86.1,13.1,29.4,55.0,4.4,0.767,100.4,31.2,31.2,31.2,31.2,73.5,74.3
2024-01-01 08:00:00,VEH_044,83.4,90.1,87.2,13.83,39.1,57.2,4.53,0.719,141.1,31.4,31.4,31.4,31.4,61.1,61.0
2024-01-08 20:00:00,VEH_044,91.2,89.8,91.2,14.26,34.3,76.9,6.51,0.204,105.9,34.8,34.8,34.8,34.8,98.8,44.7
2024-01-15 06:00:00,VEH_044,88.2,86.9,74.8,12.4,26.3,43.0,7.3,0.341,88.9,30.4,30.4,30.4,30.4,68.1,27.2
2024-01-22 17:00:00,VEH_044,85.8,87.2,88.9,12.9,34.0,52.7,4.82,0.649,129.8,34.5,34.5,34.5,34.5,86.7,86.5
2024-01-29 08:00:00,VEH_044,94.9,93.0,70.4,12.31,43.6,47.3,6.64,0.818,143.0,33.4,33.4,33.4,33.4,77.0,51.5
2024-02-05 19:00:00,VEH_044,85.0,84.1,86.6,13.41,38.9,63.9,6.61,0.395,109.4,33.9,33.9,33.9,33.9,84.4,80.1
2024-02-12 07:00:00,VEH_044,102.4,95.7,76.5,12.45,41.7,62.9,4.04,0.623,126.6,30.7,30.7,30.7,30.7,75.5,85.7
2024-02-19 11:00:00,VEH_044,91.2,99.7,82.9,12.39,57.8,77.3,4.79,0.166,139.0,29.6,29.6,29.6,29.6,94.5,84.3
2024-01-01 07:00:00,VEH_045,75.5,72.3,73.7,12.92,23.1,53.0,7.76,0.421,123.4,30.8,30.8,30.8,30.8,70.3,70.7
2024-01-08 07:00:00,VEH_045,96.5,96.2,83.4,12.89,22.3,57.1,5.21,0.392,144.4,34.9,34.9,34.9,34.9,81.3,50.7
2024-01-15 07:00:00,VEH_045,90.7,77.0,74.2,14.24,17.8,47.2,6.88,0.682,115.9,29.3,29.3,29.3,29.3,71.3,29.7
2024-01-22 08:00:00,VEH_045,82.1,74.9,84.7,13.65,16.0,48.3,3.78,0.755,112.1,30.1,30.1,30.1,30.1,74.3,21.4
2024-01-29 17:00:00,VEH_045,86.1,85.7,81.0,12.86,21.1,68.1,3.49,0.167,92.8,33.4,33.4,33.4,33.4,85.3,54.5
2024-02-05 16:00:00,VEH_045,82.7,89.7,81.2,12.59,61.2,70.0,6.4,0.519,110.8,29.5,29.5,29.5,29.5,74.9,31.7
2024-02-12 09:00:00,VEH_045,102.1,94.7,98.0,12.92,73.8,48.1,7.56,0.699,125.2,29.1,29.1,29.1,29.1,98.0,40.5
2024-02-19 12:00:00,VEH_045,98.5,99.2,96.3,13.04,18.2,52.3,3.57,0.343,130.1,34.1,34.1,34.1,34.1,69.8,83.9
2024-01-01 08:00:00,VEH_046,89.8,85.5,88.8,13.05,51.3,71.9,3.66,0.637,127.7,34.5,34.5,34.5,34.5,87.1,41.8
2024-01-08 12:00:00,VEH_046,93.9,80.0,81.7,12.31,26.5,67.2,7.86,0.355,109.8,29.1,29.1,29.1,29.1,73.0,25.1
2024-01-15 16:00:00,VEH_046,89.5,90.8,91.2,13.41,40.1,54.2,4.33,0.844,92.9,31.0,31.0,31.0,31.0,73.9,55.6
2024-01-22 19:00:00,VEH_046,88.4,88.7,70.3,13.67,35.5,49.4,2.19,0.782,146.5,32.8,32.8,32.8,32.8,82.5,47.6
2024-01-29 10:00:00,VEH_046,78.1,86.2,68.1,12.7,24.1,61.0,2.18,0.6,88.0,31.1,31.1,31.1,31.1,77.3,99.7
2024-02-05 07:00:00,VEH_046,79.9,89.5,77.0,13.18,33.8,73.3,2.79,0.586,133.9,29.6,29.6,29.6,29.6,68.7,99.4
2024-02-12 12:00:00,VEH_046,93.3,81.0,72.1,13.87,46.3,57.8,4.45,0.701,118.6,32.6,32.6,32.6,32.6,72.8,49.1
2024-02-19 11:00:00,VEH_046,92.9,99.2,99.9,13.83,39.5,66.0,4.35,0.787,128.8,31.8,31.8,31.8,31.8,93.0,56.0
2024-01-01 18:00:00,VEH_047,91.2,75.7,70.9,13.28,53.1,56.5,3.03,0.826,108.9,32.9,32.9,32.9,32.9,99.0,52.8
2024-01-08 19:00:00,VEH_047,90.3,86.4,68.2,13.49,70.1,63.3,6.39,0.856,108.1,30.5,30.5,30.5,30.5,82.8,57.8
2024-01-15 10:00:00,VEH_047,81.9,78.6,83.7,14.12,71.9,59.4,7.18,0.78,94.3,31.2,31.2,31.2,31.2,95.0,34.0
2024-01-22 16:00:00,VEH_047,102.3,100.9,81.7,12.7,78.0,53.6,4.77,0.296,136.8,34.9,34.9,34.9,34.9,91.9,97.8
2024-01-29 11:00:00,VEH_047,90.6,77.8,83.7,12.8,77.1,46.8,4.77,0.87,91.3,29.2,29.2,29.2,29.2,87.1,89.4
2024-02-05 16:00:00,VEH_047,106.0,102.7,77.0,13.0,49.1,76.0,2.73,0.721,143.6,32.2,32.2,32.2,32.2,60.9,58.5
2024-02-12 17:00:00,VEH_047,103.5,91.5,87.0,13.97,63.1,62.0,6.3,0.509,144.0,31.6,31.6,31.6,31.6,65.0,31.7
2024-02-19 13:00:00,VEH_047,91.1,94.8,90.7,12.27,62.9,58.9,4.04,0.83,142.4,30.3,30.3,30.3,30.3,63.9,71.4
2024-01-01 11:00:00,VEH_048,86.7,93.9,80.6,12.59,38.5,52.5,4.67,0.73,133.3,32.4,32.4,32.4,32.4,83.8,80.9
2024-01-08 14:00:00,VEH_048,95.4,89.2,79.6,12.89,48.3,57.6,7.67,0.227,139.9,31.9,31.9,31.9,31.9,77.6,43.6
2024-01-15 08:00:00,VEH_048,91.1,87.6,68.2,12.7,53.3,64.6,2.17,0.269,106.4,32.5,32.5,32.5,32.5,70.4,77.7
2024-01-22 08:00:00,VEH_048,98.9,101.0,82.9,13.48,57.6,58.1,2.94,0.782,117.5,31.2,31.2,31.2,31.2,94.6,58.8
2024-01-29 12:00:00,VEH_048,86.7,85.5,70.3,14.15,58.4,77.9,4.05,0.347,103.5,30.7,30.7,30.7,30.7,91.1,83.1
2024-02-05 13:00:00,VEH_048,87.3,78.1,75.0,14.19,59.7,70.8,7.07,0.726,115.8,30.4,30.4,30.4,30.4,68.1,73.1
2024-02-12 15:00:00,VEH_048,95.9,83.5,81.0,12.16,27.9,66.0,6.45,0.798,157.5,29.3,29.3,29.3,29.3,82.7,39.8
2024-02-19 11:00:00,VEH_048,85.9,88.2,84.2,13.56,39.2,66.4,4.74,0.132,124.3,32.3,32.3,32.3,32.3,63.7,35.2
2024-01-01 17:00:00,VEH_049,89.2,72.4,88.4,13.25,33.5,46.3,5.51,0.565,112.3,32.2,32.2,32.2,32.2,91.3,45.5
2024-01-08 13:00:00,VEH_049,99.9,87.0,76.1,12.2,41.5,67.4,3.29,0.49,135.6,32.5,32.5,32.5,32.5,94.4,28.9
2024-01-15 06:00:00,VEH_049,98.3,94.7,74.8,13.93,45.9,61.2,2.0,0.704,132.0,32.0,32.0,32.0,32.0,67.1,60.6
2024-01-22 19:00:00,VEH_049,91.6,95.4,75.3,14.08,49.9,52.0,5.37,0.347,118.3,34.9,34.9,34.9,34.9,97.8,59.0
2024-01-29 11:00:00,VEH_049,88.6,94.9,79.5,12.39,39.9,57.6,3.83,0.84,117.2,32.8,32.8,32.8,32.8,81.5,34.6
2024-02-05 07:00:00,VEH_049,94.0,91.4,72.4,13.2,54.1,62.0,2.62,0.34,128.1,32.4,32.4,32.4,32.4,66.2,32.5
2024-02-12 18:00:00,VEH_049,98.6,96.3,95.9,13.46,44.1,82.2,7.89,0.623,145.2,33.7,33.7,33.7,33.7,70.8,94.6
2024-02-19 13:00:00,VEH_049,99.8,101.6,83.1,12.35,47.4,60.9,6.47,0.46,129.0,31.4,31.4,31.4,31.4,76.7,81.0
